Date, Symbol, Underlying Close Price (A), Underlying Previous Day Close Price (B), Underlying Log Returns (C) = LN(A/B), Previous Day Underlying Volatility (D), Current Day Underlying Daily Volatility (E) = Sqrt (0.995*D*D + 0.005* C*C), Underlying Annualised Volatility (F) = E*sqrt(365), Futures Close Price (G), Futures Previous Day Close Price (H), Futures Log Returns (I) = LN(G/H), Previous Day Futures Volatility (J), Current Day Futures Daily Volatility (K) = Sqrt (0.995*J*J + 0.005* I*I), Futures Annualised Volatility (L) = K*sqrt(365), Applicable Daily Volatility (M) = Max (E or K), Applicable Annualised Volatility (N) = Max (F or L)
17-Dec-25,360ONE,1126.1,1133.4, -0.00646163,  0.02277844,  0.02272607,  0.43418104,1130.1,1133.2, -0.00273936,  0.02273281,  0.02267672,  0.43323812,  0.02272607,  0.43418104
17-Dec-25,ABB,5170.9,5241.9, -0.01363727,  0.01804884,  0.01802945,  0.34445216,5190,5262, -0.01377749,  0.01797919,  0.01796059,  0.34313662,  0.01802945,  0.34445216
17-Dec-25,ABCAPITAL,346.8,348.05, -0.00359790,  0.02037281,  0.02032337,  0.38827749,347.7,348.75, -0.00301529,  0.02043881,  0.02038889,  0.38952914,  0.02038889,  0.38952914
17-Dec-25,ADANIENSOL,977.55,994.3, -0.01698953,  0.02718484,  0.02714347,  0.51857532,981.3,995.95, -0.01481883,  0.02719222,  0.02714444,  0.51859389,  0.02714444,  0.51859389
17-Dec-25,ADANIENT,2232.5,2247.85, -0.00685217,  0.02413851,  0.02408301,  0.46010528,2241.8,2256.2, -0.00640287,  0.02449288,  0.02443574,  0.46684419,  0.02443574,  0.46684419
17-Dec-25,ADANIGREEN,1020.75,1028.2, -0.00727205,  0.02894833,  0.02888052,  0.55176154,1023.6,1030.8, -0.00700937,  0.02925257,  0.02918351,  0.55755013,  0.02918351,  0.55755013
17-Dec-25,ADANIPORTS,1486.3,1499, -0.00850841,  0.01893432,  0.01889655,  0.36101799,1491.8,1503.9, -0.00807829,  0.01893510,  0.01889639,  0.36101504,  0.01889655,  0.36101799
17-Dec-25,ALKEM,5628.5,5663.5, -0.00619910,  0.01363368,  0.01360672,  0.25995596,5635.5,5671.5, -0.00636776,  0.01364936,  0.01362245,  0.26025661,  0.01362245,  0.26025661
17-Dec-25,AMBER,6580.5,6779.35, -0.02977050,  0.02741054,  0.02742289,  0.52391351,6600,6793.5, -0.02889662,  0.02763642,  0.02764283,  0.52811559,  0.02764283,  0.52811559
17-Dec-25,AMBUJACEM,541.3,548.7, -0.01357819,  0.01648477,  0.01647158,  0.31468917,541.9,549.5, -0.01392729,  0.01663743,  0.01662486,  0.31761743,  0.01662486,  0.31761743
17-Dec-25,ANGELONE,2504.6,2532.35, -0.01101868,  0.02752969,  0.02747176,  0.52484726,2478.9,2507.6, -0.01151121,  0.02774021,  0.02768276,  0.52887830,  0.02768276,  0.52887830
17-Dec-25,APLAPOLLO,1764.5,1732.9,  0.01807106,  0.01687434,  0.01688044,  0.32250027,1769.5,1737.1,  0.01847996,  0.01686514,  0.01687351,  0.32236799,  0.01688044,  0.32250027
17-Dec-25,APOLLOHOSP,6921.45,7051.5, -0.01861507,  0.01303418,  0.01306802,  0.24966418,6927.5,7067.5, -0.02000781,  0.01274176,  0.01278827,  0.24431953,  0.01306802,  0.24966418
17-Dec-25,ASHOKLEY,166.15,167.75, -0.00958378,  0.01840462,  0.01837105,  0.35097848,166.15,166.25, -0.00060168,  0.01765094,  0.01760693,  0.33637994,  0.01837105,  0.35097848
17-Dec-25,ASIANPAINT,2785.7,2790.9, -0.00186494,  0.01321878,  0.01318650,  0.25192766,2785.6,2792.4, -0.00243815,  0.01310953,  0.01307786,  0.24985217,  0.01318650,  0.25192766
17-Dec-25,ASTRAL,1428.85,1462.9, -0.02355084,  0.01725729,  0.01729434,  0.33040788,1430.9,1466.6, -0.02464318,  0.01761758,  0.01765969,  0.33738784,  0.01765969,  0.33738784
17-Dec-25,AUBANK,990.3,980.6,  0.00984330,  0.01871849,  0.01868455,  0.35696790,988.7,982.95,  0.00583269,  0.01786024,  0.01782036,  0.34045746,  0.01868455,  0.35696790
17-Dec-25,AUROPHARMA,1193,1178.1,  0.01256817,  0.01716193,  0.01714197,  0.32749688,1195.3,1180.2,  0.01271328,  0.01736799,  0.01734791,  0.33143130,  0.01734791,  0.33143130
17-Dec-25,AXISBANK,1224.7,1219.6,  0.00417298,  0.01374918,  0.01371794,  0.26208087,1228.6,1224.4,  0.00342438,  0.01333008,  0.01329888,  0.25407473,  0.01371794,  0.26208087
17-Dec-25,BAJAJ-AUTO,8894.8,9007.25, -0.01256297,  0.01479771,  0.01478730,  0.28251100,8924.5,9026, -0.01130900,  0.01454314,  0.01452866,  0.27756966,  0.01478730,  0.28251100
17-Dec-25,BAJAJFINSV,2021.2,2035.2, -0.00690270,  0.01488002,  0.01485063,  0.28372087,2025.9,2039.8, -0.00683772,  0.01507171,  0.01504187,  0.28737460,  0.01504187,  0.28737460
17-Dec-25,BAJFINANCE,999.6,998.4,  0.00120120,  0.01658116,  0.01653973,  0.31599104,1003.1,1001.1,  0.00199581,  0.01645814,  0.01641754,  0.31365663,  0.01653973,  0.31599104
17-Dec-25,BANDHANBNK,147.85,149.5, -0.01109815,  0.02199614,  0.02195511,  0.41945172,148.63,149.84, -0.00810806,  0.02209645,  0.02204852,  0.42123648,  0.02204852,  0.42123648
17-Dec-25,BANKBARODA,287.6,282.85,  0.01665390,  0.01771970,  0.01771459,  0.33843683,288.15,283.4,  0.01662185,  0.01781816,  0.01781247,  0.34030670,  0.01781247,  0.34030670
17-Dec-25,BANKEX,65970.79,66024.8, -0.00081836,  0.00864240,  0.00862090,  0.16470204,66040.45,66234.4, -0.00293253,  0.00890260,  0.00888294,  0.16970841,  0.00888294,  0.16970841
17-Dec-25,BANKINDIA,141.95,139.4,  0.01812738,  0.02009045,  0.02008121,  0.38365091,142.44,140.01,  0.01720701,  0.02023219,  0.02021815,  0.38626727,  0.02021815,  0.38626727
17-Dec-25,BANKNIFTY,58926.75,59034.6, -0.00182857,  0.00840513,  0.00838531,  0.16020117,59146.8,59287.8, -0.00238106,  0.00816403,  0.00814525,  0.15561478,  0.00838531,  0.16020117
17-Dec-25,BDL,1324.3,1355.6, -0.02336014,  0.02671258,  0.02669683,  0.51004220,1328,1356, -0.02086514,  0.02692317,  0.02689633,  0.51385363,  0.02689633,  0.51385363
17-Dec-25,BEL,385.6,388, -0.00620478,  0.01897423,  0.01893178,  0.36169120,386.85,388.7, -0.00477082,  0.01881510,  0.01877109,  0.35862114,  0.01893178,  0.36169120
17-Dec-25,BHARATFORG,1413.3,1417.4, -0.00289681,  0.01901557,  0.01896903,  0.36240276,1417.3,1419.4, -0.00148059,  0.01949249,  0.01944405,  0.37147809,  0.01944405,  0.37147809
17-Dec-25,BHARTIARTL,2108,2102,  0.00285036,  0.01290188,  0.01287122,  0.24590433,2109.1,2105,  0.00194585,  0.01246984,  0.01243951,  0.23765652,  0.01287122,  0.24590433
17-Dec-25,BHEL,277.85,279.35, -0.00538408,  0.02321367,  0.02315860,  0.44244436,278.75,280.15, -0.00500985,  0.02326205,  0.02320646,  0.44335884,  0.02320646,  0.44335884
17-Dec-25,BIOCON,386.1,384.9,  0.00311284,  0.02020011,  0.02015064,  0.38497742,386.85,386.4,  0.00116392,  0.02023230,  0.02018192,  0.38557510,  0.02018192,  0.38557510
17-Dec-25,BLUESTARCO,1826.8,1815.55,  0.00617735,  0.02091401,  0.02086633,  0.39865071,1825.9,1822,  0.00213822,  0.02085890,  0.02080715,  0.39752001,  0.02086633,  0.39865071
17-Dec-25,BOSCHLTD,35974.9,36229.85, -0.00706189,  0.01429521,  0.01426806,  0.27259095,36045,36295, -0.00691183,  0.01446437,  0.01443651,  0.27580910,  0.01443651,  0.27580910
17-Dec-25,BPCL,368.35,368.15,  0.00054311,  0.01705630,  0.01701373,  0.32504678,368.65,368.6,  0.00013564,  0.01705322,  0.01701047,  0.32498455,  0.01701373,  0.32504678
17-Dec-25,BRITANNIA,6096,6065.95,  0.00494165,  0.01267554,  0.01264867,  0.24165242,6100.5,6077,  0.00385958,  0.01249800,  0.01246970,  0.23823333,  0.01264867,  0.24165242
17-Dec-25,BSE,2630.5,2605.9,  0.00939584,  0.03180429,  0.03173159,  0.60623119,2633.5,2617.9,  0.00594129,  0.03160067,  0.03152433,  0.60227151,  0.03173159,  0.60623119
17-Dec-25,CAMS,733.8,753.8, -0.02689057,  0.02111226,  0.02114514,  0.40397730,735.2,754.4, -0.02578016,  0.02122463,  0.02124972,  0.40597537,  0.02124972,  0.40597537
17-Dec-25,CANBK,150.2,147.15,  0.02051526,  0.01887075,  0.01887946,  0.36069149,150.35,147.43,  0.01961242,  0.01891180,  0.01891547,  0.36137951,  0.01891547,  0.36137951
17-Dec-25,CDSL,1477.3,1501.2, -0.01604869,  0.02286387,  0.02283493,  0.43626071,1478.4,1503.1, -0.01656922,  0.02360953,  0.02357956,  0.45048686,  0.02357956,  0.45048686
17-Dec-25,CGPOWER,670.4,673.05, -0.00394507,  0.02053908,  0.02048947,  0.39145086,670.7,674.2, -0.00520486,  0.02059391,  0.02054568,  0.39252464,  0.02054568,  0.39252464
17-Dec-25,CHOLAFIN,1673.5,1715.35, -0.02469990,  0.01932594,  0.01935647,  0.36980486,1679.2,1718, -0.02284333,  0.01847512,  0.01849953,  0.35343294,  0.01935647,  0.36980486
17-Dec-25,CIPLA,1496.9,1499.6, -0.00180210,  0.01343354,  0.01340052,  0.25601658,1498.5,1502.3, -0.00253266,  0.01347284,  0.01344040,  0.25677857,  0.01344040,  0.25677857
17-Dec-25,COALINDIA,384.75,381.6,  0.00822083,  0.01397130,  0.01394855,  0.26648658,385.85,382.25,  0.00937385,  0.01407416,  0.01405450,  0.26851083,  0.01405450,  0.26851083
17-Dec-25,COFORGE,1844.7,1866.55, -0.01177514,  0.02155833,  0.02152044,  0.41114749,1851.5,1869, -0.00940741,  0.02134307,  0.02130011,  0.40693810,  0.02152044,  0.41114749
17-Dec-25,COLPAL,2087.35,2160.4, -0.03439807,  0.01394632,  0.01412245,  0.26980906,2089.7,2164.8, -0.03530746,  0.01401930,  0.01420529,  0.27139177,  0.01420529,  0.27139177
17-Dec-25,CONCOR,496.35,499.6, -0.00652646,  0.01769112,  0.01765299,  0.33725991,496.75,500.05, -0.00662121,  0.01787913,  0.01784043,  0.34084091,  0.01784043,  0.34084091
17-Dec-25,CROMPTON,249.15,252.45, -0.01315808,  0.01598450,  0.01597148,  0.30513470,249.5,253.35, -0.01531302,  0.01611822,  0.01611439,  0.30786492,  0.01611439,  0.30786492
17-Dec-25,CUMMINSIND,4512.7,4494.25,  0.00409684,  0.01756029,  0.01751862,  0.33469281,4521.1,4507.2,  0.00307921,  0.01734083,  0.01729867,  0.33049058,  0.01751862,  0.33469281
17-Dec-25,CYIENT,1138.8,1149.8, -0.00961294,  0.02175810,  0.02171417,  0.41484855,1142.3,1150.6, -0.00723977,  0.02194881,  0.02189985,  0.41839600,  0.02189985,  0.41839600
17-Dec-25,DABUR,494.15,497.2, -0.00615324,  0.01292018,  0.01289514,  0.24636132,494.5,499.15, -0.00935950,  0.01279354,  0.01277848,  0.24413259,  0.01289514,  0.24636132
17-Dec-25,DALBHARAT,2073.85,2066.5,  0.00355043,  0.01508699,  0.01505141,  0.28755677,2077.6,2070.3,  0.00351986,  0.01525865,  0.01522261,  0.29082752,  0.01522261,  0.29082752
17-Dec-25,DELHIVERY,399.8,401.8, -0.00499003,  0.02138234,  0.02133163,  0.40754025,400.3,402.95, -0.00659822,  0.02151847,  0.02146957,  0.41017558,  0.02146957,  0.41017558
17-Dec-25,DIVISLAB,6293,6335.5, -0.00673083,  0.01594117,  0.01590836,  0.30392879,6299.5,6343, -0.00688158,  0.01583546,  0.01580326,  0.30192083,  0.01590836,  0.30392879
17-Dec-25,DIXON,13273.5,13628.05, -0.02636060,  0.02351827,  0.02353336,  0.44960414,13263,13633, -0.02751512,  0.02351447,  0.02353616,  0.44965768,  0.02353616,  0.44965768
17-Dec-25,DLF,683.1,691.95, -0.01287244,  0.01834088,  0.01831766,  0.34995834,683.8,692.6, -0.01278715,  0.01836987,  0.01834613,  0.35050223,  0.01834613,  0.35050223
17-Dec-25,DMART,3826.2,3856.8, -0.00796568,  0.01611479,  0.01608443,  0.30729256,3825.1,3860.5, -0.00921210,  0.01607143,  0.01604440,  0.30652789,  0.01608443,  0.30729256
17-Dec-25,DRREDDY,1272,1277.1, -0.00400142,  0.01260157,  0.01257323,  0.24021118,1273.2,1277.9, -0.00368469,  0.01258764,  0.01255889,  0.23993719,  0.01257323,  0.24021118
17-Dec-25,EICHERMOT,7124.45,7061.5,  0.00887504,  0.01423172,  0.01420990,  0.27147967,7144,7077,  0.00942275,  0.01399692,  0.01397764,  0.26704242,  0.01420990,  0.27147967
17-Dec-25,ETERNAL,284.45,284.45,  0.00000000,  0.02305749,  0.02299982,  0.43941096,285,284.95,  0.00017545,  0.02282721,  0.02277004,  0.43502102,  0.02299982,  0.43941096
17-Dec-25,EXIDEIND,363.8,366.4, -0.00712137,  0.01725461,  0.01721874,  0.32896354,364.1,366.45, -0.00643353,  0.01756313,  0.01752497,  0.33481412,  0.01752497,  0.33481412
17-Dec-25,FEDERALBNK,263.6,262.25,  0.00513456,  0.01488111,  0.01484839,  0.28367802,264.3,263.1,  0.00455063,  0.01464945,  0.01461645,  0.27924681,  0.01484839,  0.28367802
17-Dec-25,FINNIFTY,27251.95,27385.55, -0.00489042,  0.00871796,  0.00870285,  0.16626770,27375.7,27505.1, -0.00471568,  0.00844520,  0.00843057,  0.16106590,  0.00870285,  0.16626770
17-Dec-25,FORTIS,870.95,875, -0.00463932,  0.01850507,  0.01846173,  0.35271083,871.65,876.25, -0.00526347,  0.01831055,  0.01826861,  0.34902131,  0.01846173,  0.35271083
17-Dec-25,GAIL,169.05,168.3,  0.00444643,  0.01805834,  0.01801578,  0.34419101,169.34,168.97,  0.00218734,  0.01810871,  0.01806417,  0.34511550,  0.01806417,  0.34511550
17-Dec-25,GLENMARK,1948.4,1966.5, -0.00924679,  0.01885373,  0.01881782,  0.35951388,1951.9,1968, -0.00821454,  0.01878304,  0.01874496,  0.35812189,  0.01881782,  0.35951388
17-Dec-25,GMRAIRPORT,100.95,103.5, -0.02494627,  0.01923636,  0.01926918,  0.36813721,101.13,103.61, -0.02422703,  0.01943856,  0.01946549,  0.37188774,  0.01946549,  0.37188774
17-Dec-25,GODREJCP,1179.7,1182.4, -0.00228610,  0.01514351,  0.01510660,  0.28861126,1180.5,1184.2, -0.00312936,  0.01483791,  0.01480230,  0.28279760,  0.01510660,  0.28861126
17-Dec-25,GODREJPROP,2014.9,2023.5, -0.00425912,  0.02216165,  0.02210826,  0.42237765,2018.7,2031, -0.00607454,  0.02226636,  0.02221476,  0.42441239,  0.02221476,  0.42441239
17-Dec-25,GRASIM,2806.6,2799.1,  0.00267585,  0.01340753,  0.01337524,  0.25553357,2813.1,2806.8,  0.00224203,  0.01339931,  0.01336665,  0.25536956,  0.01337524,  0.25553357
17-Dec-25,HAL,4228.4,4261.25, -0.00773887,  0.01975406,  0.01971214,  0.37659985,4242.1,4275.8, -0.00791279,  0.01978328,  0.01974174,  0.37716535,  0.01974174,  0.37716535
17-Dec-25,HAVELLS,1397,1412, -0.01068006,  0.01408098,  0.01406588,  0.26872825,1398.7,1418, -0.01370419,  0.01419964,  0.01419721,  0.27123739,  0.01419721,  0.27123739
17-Dec-25,HCLTECH,1655,1651.7,  0.00199595,  0.01471417,  0.01467813,  0.28042519,1661,1657.7,  0.00198873,  0.01428650,  0.01425129,  0.27227052,  0.01467813,  0.28042519
17-Dec-25,HDFCAMC,2541.2,2583.7, -0.01658607,  0.01732438,  0.01732065,  0.33091051,2548.9,2592.8, -0.01707648,  0.01719768,  0.01719707,  0.32854957,  0.01732065,  0.33091051
17-Dec-25,HDFCBANK,984,994.3, -0.01041307,  0.01046975,  0.01046967,  0.20002283,987.5,998.2, -0.01077716,  0.01009008,  0.01009365,  0.19283883,  0.01046967,  0.20002283
17-Dec-25,HDFCLIFE,753.5,764.35, -0.01429678,  0.01324957,  0.01325497,  0.25323585,754.85,767.45, -0.01655428,  0.01297075,  0.01299111,  0.24819487,  0.01325497,  0.25323585
17-Dec-25,HEROMOTOCO,5816.95,5946.4, -0.02200993,  0.01587789,  0.01591451,  0.30404629,5827.5,5960.5, -0.02256628,  0.01577245,  0.01581368,  0.30211985,  0.01591451,  0.30404629
17-Dec-25,HFCL,64.53,65.43, -0.01385064,  0.02689633,  0.02684683,  0.51290792,64.63,65.48, -0.01306605,  0.02740697,  0.02735394,  0.52259625,  0.02735394,  0.52259625
17-Dec-25,HINDALCO,848.8,837.15,  0.01382032,  0.01707325,  0.01705865,  0.32590503,849.65,840.3,  0.01106553,  0.01706158,  0.01703692,  0.32548995,  0.01705865,  0.32590503
17-Dec-25,HINDPETRO,465.45,465.35,  0.00021487,  0.02001554,  0.01996540,  0.38143840,466.4,466,  0.00085800,  0.02014001,  0.02008969,  0.38381296,  0.02008969,  0.38381296
17-Dec-25,HINDUNILVR,2275.6,2281.1, -0.00241403,  0.01162320,  0.01159541,  0.22153008,2275.3,2286.8, -0.00504155,  0.01146171,  0.01143854,  0.21853303,  0.01159541,  0.22153008
17-Dec-25,HINDZINC,578.3,567.7,  0.01849965,  0.02259791,  0.02257937,  0.43137821,578.9,568.6,  0.01795255,  0.02284933,  0.02282742,  0.43611721,  0.02282742,  0.43611721
17-Dec-25,HUDCO,207.9,211, -0.01480094,  0.02660949,  0.02656342,  0.50749334,207.89,210.93, -0.01451723,  0.02689968,  0.02685192,  0.51300528,  0.02685192,  0.51300528
17-Dec-25,ICICIBANK,1352.4,1366, -0.01000597,  0.01073187,  0.01072822,  0.20496239,1356.5,1370.3, -0.01012184,  0.01024610,  0.01024536,  0.19573729,  0.01072822,  0.20496239
17-Dec-25,ICICIGI,1947,1951.2, -0.00215484,  0.01484899,  0.01481252,  0.28299281,1947.1,1952.6, -0.00282073,  0.01465193,  0.01461665,  0.27925066,  0.01481252,  0.28299281
17-Dec-25,ICICIPRULI,630.5,637.95, -0.01174675,  0.01424263,  0.01423115,  0.27188577,631.2,639.9, -0.01368914,  0.01428971,  0.01428692,  0.27295114,  0.01428692,  0.27295114
17-Dec-25,IDEA,11.13,11.25, -0.01072396,  0.03506813,  0.03498851,  0.66845464,11.17,11.29, -0.01068577,  0.03538658,  0.03530609,  0.67452187,  0.03530609,  0.67452187
17-Dec-25,IDFCFIRSTB,83.95,83.46,  0.00585391,  0.01719780,  0.01715962,  0.32783407,84.01,83.52,  0.00584972,  0.01740439,  0.01736567,  0.33177069,  0.01736567,  0.33177069
17-Dec-25,IEX,140.2,140.4, -0.00142552,  0.02802075,  0.02795075,  0.53399831,140.39,140.51, -0.00085440,  0.02791576,  0.02784595,  0.53199622,  0.02795075,  0.53399831
17-Dec-25,IIFL,563.1,566.75, -0.00646106,  0.02590192,  0.02584113,  0.49369416,563.55,567.45, -0.00689658,  0.02592146,  0.02586113,  0.49407626,  0.02586113,  0.49407626
17-Dec-25,INDHOTEL,713.2,725.25, -0.01675454,  0.01784097,  0.01783570,  0.34075050,715.75,727.45, -0.01621432,  0.01771433,  0.01770722,  0.33829590,  0.01783570,  0.34075050
17-Dec-25,INDIANB,775,773.15,  0.00238995,  0.01978917,  0.01974033,  0.37713842,776.35,774.75,  0.00206305,  0.01950179,  0.01945353,  0.37165910,  0.01974033,  0.37713842
17-Dec-25,INDIGO,4980.5,4973.95,  0.00131599,  0.01773595,  0.01769169,  0.33799924,4984,4979.5,  0.00090330,  0.01753241,  0.01748877,  0.33412251,  0.01769169,  0.33799924
17-Dec-25,INDUSINDBK,833.85,845.05, -0.01334227,  0.02323437,  0.02319549,  0.44314927,834.65,846.6, -0.01421585,  0.02319623,  0.02316010,  0.44247304,  0.02319549,  0.44314927
17-Dec-25,INDUSTOWER,407.2,408.15, -0.00233029,  0.02026075,  0.02021076,  0.38612595,408.6,409.6, -0.00244439,  0.02011432,  0.02006482,  0.38333781,  0.02021076,  0.38612595
17-Dec-25,INFY,1602,1592.9,  0.00569659,  0.01489645,  0.01486448,  0.28398549,1605.8,1596.8,  0.00562045,  0.01466359,  0.01463225,  0.27954881,  0.01486448,  0.28398549
17-Dec-25,INOXWIND,126.05,126.9, -0.00672072,  0.02773749,  0.02767217,  0.52867606,126.43,127.2, -0.00607186,  0.02785840,  0.02779198,  0.53096494,  0.02779198,  0.53096494
17-Dec-25,IOC,168.15,167.75,  0.00238166,  0.01608922,  0.01604974,  0.30662980,168.64,168.07,  0.00338571,  0.01629128,  0.01625239,  0.31050152,  0.01625239,  0.31050152
17-Dec-25,IRCTC,666.1,671.1, -0.00747835,  0.01493822,  0.01491019,  0.28485885,667.25,672.5, -0.00783732,  0.01523389,  0.01520581,  0.29050666,  0.01520581,  0.29050666
17-Dec-25,IREDA,131.45,133.85, -0.01809322,  0.02468033,  0.02465180,  0.47097197,131.17,133.68, -0.01895469,  0.02553025,  0.02550152,  0.48720583,  0.02550152,  0.48720583
17-Dec-25,IRFC,111.1,112, -0.00806817,  0.02194015,  0.02189266,  0.41825871,111.25,112.07, -0.00734376,  0.02302516,  0.02297344,  0.43890692,  0.02297344,  0.43890692
17-Dec-25,ITC,399.8,401.7, -0.00474112,  0.00969017,  0.00967176,  0.18477867,401.05,403.2, -0.00534661,  0.00957572,  0.00955900,  0.18262444,  0.00967176,  0.18477867
17-Dec-25,JINDALSTEL,1001.5,1011.2, -0.00963887,  0.01804114,  0.01800881,  0.34405778,1003.9,1012.5, -0.00853011,  0.01791836,  0.01788375,  0.34166854,  0.01800881,  0.34405778
17-Dec-25,JIOFIN,293.15,295.25, -0.00713803,  0.01761606,  0.01757934,  0.33585277,293.7,295.85, -0.00729373,  0.01786094,  0.01782361,  0.34051952,  0.01782361,  0.34051952
17-Dec-25,JSWENERGY,475.25,478.55, -0.00691972,  0.02246112,  0.02241020,  0.42814621,475.8,479.2, -0.00712045,  0.02260716,  0.02255611,  0.43093388,  0.02255611,  0.43093388
17-Dec-25,JSWSTEEL,1079.3,1082.6, -0.00305287,  0.01528017,  0.01524333,  0.29122347,1083.2,1085.7, -0.00230532,  0.01540564,  0.01536782,  0.29360181,  0.01536782,  0.29360181
17-Dec-25,JUBLFOOD,554.05,560.15, -0.01094967,  0.01773103,  0.01770360,  0.33822684,554.7,561.05, -0.01138260,  0.01755855,  0.01753301,  0.33496762,  0.01770360,  0.33822684
17-Dec-25,KALYANKJIL,474.85,479.1, -0.00891038,  0.02524499,  0.02518969,  0.48124833,475.3,479.65, -0.00911049,  0.02491931,  0.02486524,  0.47504974,  0.02518969,  0.48124833
17-Dec-25,KAYNES,4093.6,4186.45, -0.02242834,  0.03311142,  0.03306665,  0.63173745,4098.5,4194.5, -0.02315309,  0.03293471,  0.03289311,  0.62842203,  0.03306665,  0.63173745
17-Dec-25,KEI,4106.6,4156.15, -0.01199373,  0.02359054,  0.02354669,  0.44985892,4119.9,4165.6, -0.01103143,  0.02396806,  0.02392083,  0.45700682,  0.02392083,  0.45700682
17-Dec-25,KFINTECH,1031.25,1034.45, -0.00309823,  0.02759676,  0.02752853,  0.52593187,1031.4,1035.2, -0.00367754,  0.02770427,  0.02763621,  0.52798901,  0.02763621,  0.52798901
17-Dec-25,KOTAKBANK,2173.2,2182.4, -0.00422445,  0.01354178,  0.01351119,  0.25813098,2176.6,2189, -0.00568079,  0.01313042,  0.01310379,  0.25034755,  0.01351119,  0.25813098
17-Dec-25,KPITTECH,1168.9,1176.25, -0.00626828,  0.02241935,  0.02236768,  0.42733401,1173.4,1173.5, -0.00008522,  0.02240193,  0.02234593,  0.42691848,  0.02236768,  0.42733401
17-Dec-25,LAURUSLABS,1010,1001.3,  0.00865118,  0.02010754,  0.02006646,  0.38336911,1010.6,1005,  0.00555667,  0.02004828,  0.02000187,  0.38213516,  0.02006646,  0.38336911
17-Dec-25,LICHSGFIN,524.8,525.85, -0.00199876,  0.01696225,  0.01692044,  0.32326460,524.75,526.9, -0.00408882,  0.01716727,  0.01712688,  0.32720857,  0.01712688,  0.32720857
17-Dec-25,LICI,844.5,854.5, -0.01177177,  0.01572979,  0.01571260,  0.30018876,847.1,856.65, -0.01121068,  0.01600189,  0.01598149,  0.30532598,  0.01598149,  0.30532598
17-Dec-25,LODHA,1063.8,1075.4, -0.01084528,  0.02307998,  0.02303507,  0.44008448,1064.7,1076, -0.01055739,  0.02270264,  0.02265812,  0.43288271,  0.02303507,  0.44008448
17-Dec-25,LT,4062.4,4063.8, -0.00034456,  0.01368664,  0.01365225,  0.26082591,4068.7,4068.8, -0.00002458,  0.01348555,  0.01345179,  0.25699612,  0.01365225,  0.26082591
17-Dec-25,LTF,301.9,300.8,  0.00365024,  0.02019709,  0.02014813,  0.38492943,303.05,301.55,  0.00496197,  0.02046319,  0.02041493,  0.39002671,  0.02041493,  0.39002671
17-Dec-25,LTIM,6252.9,6216,  0.00591874,  0.01644415,  0.01640832,  0.31348060,6270.5,6228,  0.00680084,  0.01692211,  0.01688667,  0.32261928,  0.01688667,  0.32261928
17-Dec-25,LUPIN,2113.1,2090.6,  0.01070496,  0.01590544,  0.01588358,  0.30345535,2114,2092.3,  0.01031795,  0.01584998,  0.01582707,  0.30237578,  0.01588358,  0.30345535
17-Dec-25,M&M,3612.8,3621, -0.00226714,  0.01688350,  0.01684193,  0.32176453,3617.9,3629.8, -0.00328380,  0.01655272,  0.01651284,  0.31547741,  0.01684193,  0.32176453
17-Dec-25,MANAPPURAM,286.25,283.5,  0.00965343,  0.02131211,  0.02126981,  0.40635918,286.5,283.85,  0.00929261,  0.02129569,  0.02125263,  0.40603089,  0.02126981,  0.40635918
17-Dec-25,MANKIND,2111.15,2106,  0.00244241,  0.01691675,  0.01687539,  0.32240395,2117.6,2114.1,  0.00165418,  0.01698993,  0.01694787,  0.32378865,  0.01694787,  0.32378865
17-Dec-25,MARICO,738.15,738.8, -0.00088019,  0.01301274,  0.01298026,  0.24798757,739,739.8, -0.00108196,  0.01276467,  0.01273307,  0.24326502,  0.01298026,  0.24798757
17-Dec-25,MARUTI,16397.95,16354,  0.00268381,  0.01290899,  0.01287800,  0.24603379,16409,16396,  0.00079256,  0.01256588,  0.01253450,  0.23947125,  0.01287800,  0.24603379
17-Dec-25,MAXHEALTH,1031.1,1073, -0.03983227,  0.02043733,  0.02057971,  0.39317489,1033.8,1074.2, -0.03833486,  0.02017623,  0.02030745,  0.38797323,  0.02057971,  0.39317489
17-Dec-25,MAZDOCK,2356.6,2407.95, -0.02155586,  0.02892656,  0.02889445,  0.55202779,2362.6,2416.6, -0.02259889,  0.02902677,  0.02899812,  0.55400825,  0.02899812,  0.55400825
17-Dec-25,MCX,10024.95,10164.2, -0.01379476,  0.02371052,  0.02367130,  0.45223958,10066,10195, -0.01273400,  0.02372112,  0.02367884,  0.45238355,  0.02367884,  0.45238355
17-Dec-25,MFSL,1663.9,1669.6, -0.00341983,  0.01568323,  0.01564572,  0.29891114,1668.5,1675.8, -0.00436564,  0.01572158,  0.01568533,  0.29966773,  0.01568533,  0.29966773
17-Dec-25,MIDCPNIFTY,13652.3,13748, -0.00698535,  0.01096459,  0.01094819,  0.20916489,13686.05,13776.85, -0.00661258,  0.01144644,  0.01142732,  0.21831855,  0.01142732,  0.21831855
17-Dec-25,MOTHERSON,119.55,119.55,  0.00000000,  0.02037329,  0.02032227,  0.38825642,119.73,119.97, -0.00200250,  0.02047251,  0.02042167,  0.39015538,  0.02042167,  0.39015538
17-Dec-25,MPHASIS,2865.35,2863.1,  0.00078555,  0.01888811,  0.01884089,  0.35995477,2868.4,2866.9,  0.00052308,  0.01873099,  0.01868414,  0.35696001,  0.01884089,  0.35995477
17-Dec-25,MUTHOOTFIN,3766.4,3846.95, -0.02116099,  0.01898969,  0.01900121,  0.36301756,3769.2,3850.4, -0.02131426,  0.01901815,  0.01903032,  0.36357373,  0.01903032,  0.36357373
17-Dec-25,NATIONALUM,279.45,276.85,  0.00934754,  0.02422219,  0.02417051,  0.46177686,279.7,277.1,  0.00933915,  0.02394977,  0.02389892,  0.45658813,  0.02417051,  0.46177686
17-Dec-25,NAUKRI,1338.2,1346.9, -0.00648023,  0.01911976,  0.01907753,  0.36447568,1343.2,1348.9, -0.00423462,  0.01897836,  0.01893327,  0.36171964,  0.01907753,  0.36447568
17-Dec-25,NBCC,109.55,111.7, -0.01943564,  0.02644696,  0.02641650,  0.50468654,109.71,111.76, -0.01851319,  0.02676773,  0.02673277,  0.51072891,  0.02673277,  0.51072891
17-Dec-25,NCC,155.3,157.85, -0.01628648,  0.02331793,  0.02328814,  0.44491934,155.97,157.92, -0.01242489,  0.02361020,  0.02356745,  0.45025550,  0.02356745,  0.45025550
17-Dec-25,NESTLEIND,1234.6,1240.6, -0.00484810,  0.01205802,  0.01203289,  0.22988810,1235.9,1244.4, -0.00685404,  0.01203492,  0.01201460,  0.22953867,  0.01203289,  0.22988810
17-Dec-25,NHPC,75.39,76.01, -0.00819027,  0.01895199,  0.01891347,  0.36134142,75.57,75.97, -0.00527915,  0.01926253,  0.01921781,  0.36715571,  0.01921781,  0.36715571
17-Dec-25,NIFTY,25818.55,25860.1, -0.00160801,  0.00741568,  0.00739784,  0.14133546,25897.8,25940.7, -0.00165514,  0.00740230,  0.00738443,  0.14107926,  0.00739784,  0.14133546
17-Dec-25,NIFTYNXT50,68076.85,68337.2, -0.00381706,  0.01045932,  0.01043675,  0.19939392,68220,68492, -0.00397917,  0.01038494,  0.01036291,  0.19798313,  0.01043675,  0.19939392
17-Dec-25,NMDC,77.28,77.15,  0.00168361,  0.01930252,  0.01925464,  0.36785941,77.35,77.31,  0.00051726,  0.01953567,  0.01948674,  0.37229369,  0.01948674,  0.37229369
17-Dec-25,NTPC,321.25,321,  0.00077851,  0.01400944,  0.01397432,  0.26697908,321.5,321.3,  0.00062228,  0.01394459,  0.01390970,  0.26574440,  0.01397432,  0.26697908
17-Dec-25,NUVAMA,7171.05,7189.8, -0.00261127,  0.02562906,  0.02556560,  0.48843008,7201.5,7214, -0.00173424,  0.02568535,  0.02562140,  0.48949623,  0.02562140,  0.48949623
17-Dec-25,NYKAA,245.1,247.3, -0.00893588,  0.01892021,  0.01888331,  0.36076513,246.05,247.65, -0.00648169,  0.01875214,  0.01871074,  0.35746822,  0.01888331,  0.36076513
17-Dec-25,OBEROIRLTY,1609.9,1626.8, -0.01044283,  0.01928834,  0.01925422,  0.36785139,1609.6,1628.3, -0.01155082,  0.01929512,  0.01926410,  0.36804014,  0.01926410,  0.36804014
17-Dec-25,OFSS,7712.7,7828.25, -0.01487066,  0.02044425,  0.02042023,  0.39012797,7727.5,7842.5, -0.01477227,  0.02040452,  0.02038012,  0.38936170,  0.02042023,  0.39012797
17-Dec-25,OIL,398.15,401.7, -0.00887672,  0.02155346,  0.02150863,  0.41092183,398.25,402.05, -0.00949651,  0.02166652,  0.02162276,  0.41310224,  0.02162276,  0.41310224
17-Dec-25,ONGC,232.9,232.2,  0.00301011,  0.01573873,  0.01570085,  0.29996436,233.14,232.75,  0.00167422,  0.01558749,  0.01554893,  0.29706185,  0.01570085,  0.29996436
17-Dec-25,PAGEIND,36054.45,36355.45, -0.00831383,  0.01459411,  0.01456951,  0.27835012,36085,36495, -0.01129800,  0.01364600,  0.01363514,  0.26049908,  0.01456951,  0.27835012
17-Dec-25,PATANJALI,543.65,538.65,  0.00923965,  0.01729567,  0.01726474,  0.32984234,544.6,539.5,  0.00940880,  0.01755926,  0.01752801,  0.33487208,  0.01752801,  0.33487208
17-Dec-25,PAYTM,1268.6,1281.35, -0.01000028,  0.02740221,  0.02734274,  0.52238238,1272.7,1282.1, -0.00735873,  0.02747288,  0.02740907,  0.52364949,  0.02740907,  0.52364949
17-Dec-25,PERSISTENT,6282.5,6263.35,  0.00305280,  0.02108984,  0.02103812,  0.40193281,6289,6266.5,  0.00358409,  0.02104284,  0.02099167,  0.40104530,  0.02103812,  0.40193281
17-Dec-25,PETRONET,268.65,264.7,  0.01481231,  0.01626342,  0.01625652,  0.31058043,269.45,265.4,  0.01514472,  0.01636985,  0.01636389,  0.31263172,  0.01636389,  0.31263172
17-Dec-25,PFC,335.65,336.15, -0.00148854,  0.02137502,  0.02132174,  0.40735129,336.75,337.15, -0.00118712,  0.02174411,  0.02168993,  0.41438550,  0.02168993,  0.41438550
17-Dec-25,PGEL,563.75,570.95, -0.01269075,  0.03466942,  0.03459430,  0.66092313,563.65,570.55, -0.01216732,  0.03476880,  0.03469245,  0.66279827,  0.03469245,  0.66279827
17-Dec-25,PHOENIXLTD,1781.5,1781,  0.00028070,  0.02162939,  0.02157525,  0.41219450,1782.5,1782.8, -0.00016829,  0.02161616,  0.02156209,  0.41194320,  0.02157525,  0.41219450
17-Dec-25,PIDILITIND,1450.7,1473.1, -0.01532283,  0.01116134,  0.01118620,  0.21371203,1452.6,1473.8, -0.01448905,  0.01103004,  0.01104995,  0.21110897,  0.01118620,  0.21371203
17-Dec-25,PIIND,3206.1,3259.3, -0.01645720,  0.01532195,  0.01532777,  0.29283655,3216.6,3270, -0.01646508,  0.01539585,  0.01540131,  0.29424161,  0.01540131,  0.29424161
17-Dec-25,PNB,119.35,117.05,  0.01945916,  0.01873529,  0.01873895,  0.35800714,119.75,117.4,  0.01981933,  0.01878311,  0.01878856,  0.35895493,  0.01878856,  0.35895493
17-Dec-25,PNBHOUSING,894.85,913.45, -0.02057253,  0.02426771,  0.02425060,  0.46330704,897.8,913.5, -0.01733605,  0.02424865,  0.02421906,  0.46270442,  0.02425060,  0.46330704
17-Dec-25,POLICYBZR,1765,1820.5, -0.03096050,  0.02451105,  0.02454748,  0.46897896,1770.4,1823.3, -0.02944254,  0.02445648,  0.02448395,  0.46776517,  0.02454748,  0.46897896
17-Dec-25,POLYCAB,7079.5,7361.65, -0.03908081,  0.02016315,  0.02030157,  0.38786098,7103,7367, -0.03649334,  0.02008656,  0.02020177,  0.38595425,  0.02030157,  0.38786098
17-Dec-25,POWERGRID,261.1,260.35,  0.00287660,  0.01456830,  0.01453342,  0.27766052,261.9,261.4,  0.00191095,  0.01432468,  0.01428959,  0.27300215,  0.01453342,  0.27766052
17-Dec-25,POWERINDIA,19150.1,19319.7, -0.00881736,  0.03054342,  0.03047334,  0.58219227,19215,19340, -0.00648427,  0.03037234,  0.03029980,  0.57887685,  0.03047334,  0.58219227
17-Dec-25,PPLPHARMA,167.95,168.6, -0.00386273,  0.02267739,  0.02262219,  0.43219626,168.2,168.86, -0.00391622,  0.02294385,  0.02288809,  0.43727631,  0.02288809,  0.43727631
17-Dec-25,PRESTIGE,1607.4,1627.9, -0.01267287,  0.02329193,  0.02325082,  0.44420622,1613.2,1628, -0.00913248,  0.02349723,  0.02344731,  0.44796026,  0.02344731,  0.44796026
17-Dec-25,RBLBANK,296.95,300.7, -0.01254932,  0.02346221,  0.02342040,  0.44744607,298,301.75, -0.01250537,  0.02335078,  0.02330913,  0.44532034,  0.02342040,  0.44744607
17-Dec-25,RECLTD,333.95,335.4, -0.00433257,  0.02193711,  0.02188442,  0.41810118,334.5,335.95, -0.00432546,  0.02207917,  0.02202603,  0.42080676,  0.02202603,  0.42080676
17-Dec-25,RELIANCE,1544.4,1542.3,  0.00136068,  0.01224585,  0.01221554,  0.23337760,1548.8,1546.5,  0.00148612,  0.01191732,  0.01188785,  0.22711703,  0.01221554,  0.23337760
17-Dec-25,RVNL,307.25,309.45, -0.00713478,  0.02736634,  0.02730256,  0.52161473,305.4,308.05, -0.00863971,  0.02831555,  0.02825127,  0.53973979,  0.02825127,  0.53973979
17-Dec-25,SAIL,130.2,129.7,  0.00384764,  0.02227390,  0.02221989,  0.42451034,130.31,129.81,  0.00384438,  0.02274820,  0.02269287,  0.43354673,  0.02269287,  0.43354673
17-Dec-25,SAMMAANCAP,145.8,146.9, -0.00751626,  0.03016278,  0.03009192,  0.57490528,146.19,147.51, -0.00898882,  0.03005994,  0.02999143,  0.57298550,  0.03009192,  0.57490528
17-Dec-25,SBICARD,834.4,847.65, -0.01575491,  0.01533596,  0.01533803,  0.29303263,836.55,847.6, -0.01312253,  0.01526581,  0.01525601,  0.29146561,  0.01533803,  0.29303263
17-Dec-25,SBILIFE,2010.2,2036, -0.01275288,  0.01276139,  0.01276123,  0.24380291,2016.3,2035.8, -0.00962471,  0.01238509,  0.01237280,  0.23638205,  0.01276123,  0.24380291
17-Dec-25,SBIN,975.85,961.15,  0.01517840,  0.01298092,  0.01299267,  0.24822457,977.5,962.9,  0.01504873,  0.01295183,  0.01296316,  0.24766086,  0.01299267,  0.24822457
17-Dec-25,SENSEX,84559.65,84679.86, -0.00142059,  0.00734622,  0.00732873,  0.14001513,84760.65,84924.45, -0.00193064,  0.00708209,  0.00706596,  0.13499504,  0.00732873,  0.14001513
17-Dec-25,SENSEX50,26959.29,26991.74, -0.00120294,  0.00742896,  0.00741089,  0.14158485,26987.75,27024.3, -0.00135340,  0.00742292,  0.00740498,  0.14147185,  0.00741089,  0.14158485
17-Dec-25,SHREECEM,26045,25990,  0.00211396,  0.01285913,  0.01282792,  0.24507708,26080,26110, -0.00114965,  0.01298536,  0.01295313,  0.24746915,  0.01295313,  0.24746915
17-Dec-25,SHRIRAMFIN,864.2,848.4,  0.01845200,  0.02049278,  0.02048298,  0.39132686,867.95,850,  0.02089776,  0.02008533,  0.02008946,  0.38380863,  0.02048298,  0.39132686
17-Dec-25,SIEMENS,3140.1,3161.4, -0.00676032,  0.01982728,  0.01978340,  0.37796132,3152.3,3165.7, -0.00424186,  0.01981574,  0.01976832,  0.37767332,  0.01978340,  0.37796132
17-Dec-25,SOLARINDS,11815.3,11917.85, -0.00864197,  0.02045386,  0.02041180,  0.38996691,11824,11930, -0.00892487,  0.02059292,  0.02055110,  0.39262831,  0.02055110,  0.39262831
17-Dec-25,SONACOMS,489.9,484.95,  0.01015550,  0.02046038,  0.02042186,  0.39015916,491.45,486.05,  0.01104871,  0.02039988,  0.02036393,  0.38905230,  0.02042186,  0.39015916
17-Dec-25,SRF,3033.3,3015.65,  0.00583574,  0.01628272,  0.01624730,  0.31040416,3036.7,3018,  0.00617704,  0.01623662,  0.01620193,  0.30953749,  0.01624730,  0.31040416
17-Dec-25,SUNPHARMA,1793.05,1781.45,  0.00649044,  0.01181158,  0.01179080,  0.22526301,1799.2,1786.9,  0.00685985,  0.01150539,  0.01148666,  0.21945240,  0.01179080,  0.22526301
17-Dec-25,SUPREMEIND,3345.2,3405.8, -0.01795338,  0.02086752,  0.02085388,  0.39841284,3359.1,3407.9, -0.01442318,  0.02093668,  0.02090905,  0.39946687,  0.02090905,  0.39946687
17-Dec-25,SUZLON,51.94,52.67, -0.01395683,  0.02487643,  0.02483384,  0.47444991,51.98,52.81, -0.01584154,  0.02495277,  0.02491549,  0.47600974,  0.02491549,  0.47600974
17-Dec-25,SX40,48330.79,48395.61, -0.00134028,  0.00752253,  0.00750440,  0.14337138,48425.55,48497.85, -0.00149190,  0.00759749,  0.00757908,  0.14479821,  0.00757908,  0.14479821
17-Dec-25,SYNGENE,646.5,646.35,  0.00023205,  0.01690154,  0.01685918,  0.32209419,647.25,648.6, -0.00208358,  0.01701777,  0.01697568,  0.32431991,  0.01697568,  0.32431991
17-Dec-25,TATACONSUM,1179.8,1169.9,  0.00842666,  0.01361501,  0.01359405,  0.25971396,1180.5,1174.6,  0.00501041,  0.01336472,  0.01333613,  0.25478645,  0.01359405,  0.25971396
17-Dec-25,TATAELXSI,4968.5,4997.65, -0.00584982,  0.01771828,  0.01767884,  0.33775377,4985.5,5013.5, -0.00560057,  0.01827931,  0.01823777,  0.34843207,  0.01823777,  0.34843207
17-Dec-25,TATAPOWER,378.55,379.85, -0.00342827,  0.01605047,  0.01601220,  0.30591272,379.55,381.45, -0.00499344,  0.01651324,  0.01647578,  0.31476927,  0.01647578,  0.31476927
17-Dec-25,TATASTEEL,170.35,169.85,  0.00293945,  0.01707965,  0.01703804,  0.32551121,170.81,170.46,  0.00205116,  0.01723160,  0.01718914,  0.32839798,  0.01718914,  0.32839798
17-Dec-25,TATATECH,641.8,650.35, -0.01323395,  0.01516483,  0.01515572,  0.28954962,641.8,650.65, -0.01369513,  0.01577241,  0.01576274,  0.30114670,  0.01576274,  0.30114670
17-Dec-25,TCS,3217.8,3205.1,  0.00395461,  0.01230265,  0.01227524,  0.23451804,3220.8,3211.3,  0.00295394,  0.01201641,  0.01198798,  0.22903005,  0.01227524,  0.23451804
17-Dec-25,TECHM,1579.35,1578.2,  0.00072841,  0.01497328,  0.01493592,  0.28535032,1582.6,1580.4,  0.00139108,  0.01479667,  0.01475991,  0.28198771,  0.01493592,  0.28535032
17-Dec-25,TIINDIA,2614.1,2622.4, -0.00317006,  0.02116958,  0.02111775,  0.40345411,2623.6,2627, -0.00129509,  0.02137458,  0.02132121,  0.40734116,  0.02132121,  0.40734116
17-Dec-25,TITAGARH,774.55,789.8, -0.01949753,  0.02655573,  0.02652517,  0.50676269,775.3,789.75, -0.01846639,  0.02726307,  0.02722607,  0.52015327,  0.02722607,  0.52015327
17-Dec-25,TITAN,3907.75,3929.5, -0.00555043,  0.01301209,  0.01298528,  0.24808342,3912.7,3935.9, -0.00591190,  0.01282983,  0.01280436,  0.24462704,  0.01298528,  0.24808342
17-Dec-25,TMPV,346.35,345.45,  0.00260191,  0.01779214,  0.01774855,  0.33908558,346.6,346.35,  0.00072155,  0.01793216,  0.01788728,  0.34173601,  0.01788728,  0.34173601
17-Dec-25,TORNTPHARM,3770.8,3765.05,  0.00152604,  0.01329698,  0.01326415,  0.25341117,3772.1,3767.6,  0.00119368,  0.01311680,  0.01308422,  0.24997372,  0.01326415,  0.25341117
17-Dec-25,TORNTPOWER,1274.45,1281.2, -0.00528243,  0.02086043,  0.02081162,  0.39760553,1279.4,1285.5, -0.00475653,  0.02089819,  0.02084849,  0.39830981,  0.02084849,  0.39830981
17-Dec-25,TRENT,4045.15,4108.7, -0.01558804,  0.02222919,  0.02220100,  0.42414944,4057.2,4121, -0.01560277,  0.02225648,  0.02222815,  0.42466814,  0.02222815,  0.42466814
17-Dec-25,TVSMOTOR,3638.9,3619.6,  0.00531792,  0.01556984,  0.01553542,  0.29680380,3643.9,3628.8,  0.00415252,  0.01538996,  0.01535422,  0.29334190,  0.01553542,  0.29680380
17-Dec-25,ULTRACEMCO,11539.95,11527.95,  0.00104041,  0.01262635,  0.01259477,  0.24062280,11568,11571, -0.00025930,  0.01224409,  0.01221355,  0.23333949,  0.01259477,  0.24062280
17-Dec-25,UNIONBANK,153.05,153.2, -0.00097959,  0.02118368,  0.02113081,  0.40370352,153.55,153.22,  0.00215145,  0.02137798,  0.02132506,  0.40741464,  0.02132506,  0.40741464
17-Dec-25,UNITDSPR,1424.9,1451.4, -0.01842697,  0.01412952,  0.01415414,  0.27041439,1422.1,1453.3, -0.02170218,  0.01396863,  0.01401782,  0.26781011,  0.01415414,  0.27041439
17-Dec-25,UNOMINDA,1248.8,1256.9, -0.00646528,  0.02119318,  0.02114505,  0.40397566,1251.5,1258.7, -0.00573661,  0.02122356,  0.02117433,  0.40453505,  0.02117433,  0.40453505
17-Dec-25,UPL,746.25,749.9, -0.00487920,  0.01655277,  0.01651481,  0.31551508,747.75,752.6, -0.00646518,  0.01683833,  0.01680242,  0.32100980,  0.01680242,  0.32100980
17-Dec-25,VBL,470.85,477.15, -0.01329133,  0.01982898,  0.01980170,  0.37831096,471.95,478.95, -0.01472316,  0.01973307,  0.01971109,  0.37657977,  0.01980170,  0.37831096
17-Dec-25,VEDL,569.8,569.5,  0.00052664,  0.01923561,  0.01918753,  0.36657726,570.1,570.85, -0.00131469,  0.01947721,  0.01942863,  0.37118354,  0.01942863,  0.37118354
17-Dec-25,VOLTAS,1380.5,1394.3, -0.00994674,  0.01905103,  0.01901631,  0.36330606,1383.1,1391.6, -0.00612681,  0.01896528,  0.01892272,  0.36151804,  0.01901631,  0.36330606
17-Dec-25,WIPRO,261.15,259.2,  0.00749499,  0.01529399,  0.01526504,  0.29163810,261.28,259.8,  0.00568052,  0.01550654,  0.01547285,  0.29560839,  0.01547285,  0.29560839
17-Dec-25,YESBANK,21.56,21.5,  0.00278681,  0.02064520,  0.02059436,  0.39345473,21.57,21.54,  0.00139179,  0.02076390,  0.02071217,  0.39570545,  0.02071217,  0.39570545
17-Dec-25,ZYDUSLIFE,918.1,914.35,  0.00409289,  0.01450195,  0.01446866,  0.27642342,919.1,917.7,  0.00152439,  0.01469817,  0.01466190,  0.28011528,  0.01466190,  0.28011528
