<?xml version="1.0" encoding="utf-8" ?>
<MWPL_Viols>
<MWPL>
	<Date>16-DEC-2025</Date>
	<ISIN>INE545U01014</ISIN>
	<Scrip_Name>BANDHAN BANK LIMITED</Scrip_Name>
	<NSE_Symbol>BANDHANBNK</NSE_Symbol>
	<MWPL_Limit>142752962</MWPL_Limit>
	<Open_Interest>183837600</Open_Interest>
	<Future Equivalent Open Interest>115245392.959952</Future Equivalent Open Interest>
	<Limit_for_Next_Day>No Fresh Positions</Limit_for_Next_Day>
</MWPL>
<MWPL>
	<Date>16-DEC-2025</Date>
	<ISIN>INE466L01038</ISIN>
	<Scrip_Name>360 ONE WAM LIMITED</Scrip_Name>
	<NSE_Symbol>360ONE</NSE_Symbol>
	<MWPL_Limit>44660948</MWPL_Limit>
	<Open_Interest>4490000</Open_Interest>
	<Future Equivalent Open Interest>1874228.50662</Future Equivalent Open Interest>
	<Limit_for_Next_Day>40553672</Limit_for_Next_Day>
</MWPL>
<MWPL>
	<Date>16-DEC-2025</Date>
	<ISIN>INE117A01022</ISIN>
	<Scrip_Name>ABB INDIA LIMITED</Scrip_Name>
	<NSE_Symbol>ABB</NSE_Symbol>
	<MWPL_Limit>7946564</MWPL_Limit>
	<Open_Interest>4001375</Open_Interest>
	<Future Equivalent Open Interest>2386331.6259625</Future Equivalent Open Interest>
	<Limit_for_Next_Day>5162904</Limit_for_Next_Day>
</MWPL>
<MWPL>
	<Date>16-DEC-2025</Date>
	<ISIN>INE674K01013</ISIN>
	<Scrip_Name>ADITYA BIRLA CAPITAL LTD.</Scrip_Name>
	<NSE_Symbol>ABCAPITAL</NSE_Symbol>
	<MWPL_Limit>122316423</MWPL_Limit>
	<Open_Interest>118398300</Open_Interest>
	<Future Equivalent Open Interest>77826963.758327</Future Equivalent Open Interest>
	<Limit_for_Next_Day>38373638</Limit_for_Next_Day>
</MWPL>
<MWPL>
	<Date>16-DEC-2025</Date>
	<ISIN>INE931S01010</ISIN>
	<Scrip_Name>ADANI ENERGY SOLUTION LTD</Scrip_Name>
	<NSE_Symbol>ADANIENSOL</NSE_Symbol>
	<MWPL_Limit>51907388</MWPL_Limit>
	<Open_Interest>24439725</Open_Interest>
	<Future Equivalent Open Interest>18495327.47036625</Future Equivalent Open Interest>
	<Limit_for_Next_Day>30816691</Limit_for_Next_Day>
</MWPL>
<MWPL>
	<Date>16-DEC-2025</Date>
	<ISIN>INE423A01024</ISIN>
	<Scrip_Name>ADANI ENTERPRISES LIMITED</Scrip_Name>
	<NSE_Symbol>ADANIENT</NSE_Symbol>
	<MWPL_Limit>30942206</MWPL_Limit>
	<Open_Interest>45286422</Open_Interest>
	<Future Equivalent Open Interest>22631556.69485666</Future Equivalent Open Interest>
	<Limit_for_Next_Day>6763539</Limit_for_Next_Day>
</MWPL>
<MWPL>
	<Date>16-DEC-2025</Date>
	<ISIN>INE364U01010</ISIN>
	<Scrip_Name>ADANI GREEN ENERGY LTD</Scrip_Name>
	<NSE_Symbol>ADANIGREEN</NSE_Symbol>
	<MWPL_Limit>61877951</MWPL_Limit>
	<Open_Interest>44887800</Open_Interest>
	<Future Equivalent Open Interest>26112199.458072</Future Equivalent Open Interest>
	<Limit_for_Next_Day>32671853</Limit_for_Next_Day>
</MWPL>
<MWPL>
	<Date>16-DEC-2025</Date>
	<ISIN>INE742F01042</ISIN>
	<Scrip_Name>ADANI PORT & SEZ LTD</Scrip_Name>
	<NSE_Symbol>ADANIPORTS</NSE_Symbol>
	<MWPL_Limit>73799006</MWPL_Limit>
	<Open_Interest>37124100</Open_Interest>
	<Future Equivalent Open Interest>24206423.82047925</Future Equivalent Open Interest>
	<Limit_for_Next_Day>45902631</Limit_for_Next_Day>
</MWPL>
<MWPL>
	<Date>16-DEC-2025</Date>
	<ISIN>INE540L01014</ISIN>
	<Scrip_Name>ALKEM LABORATORIES LTD.</Scrip_Name>
	<NSE_Symbol>ALKEM</NSE_Symbol>
	<MWPL_Limit>6130387</MWPL_Limit>
	<Open_Interest>1981375</Open_Interest>
	<Future Equivalent Open Interest>1609879.62025375</Future Equivalent Open Interest>
	<Limit_for_Next_Day>4213988</Limit_for_Next_Day>
</MWPL>
<MWPL>
	<Date>16-DEC-2025</Date>
	<ISIN>INE371P01015</ISIN>
	<Scrip_Name>AMBER ENTERPRISES (I) LTD</Scrip_Name>
	<NSE_Symbol>AMBER</NSE_Symbol>
	<MWPL_Limit>3067454</MWPL_Limit>
	<Open_Interest>3017900</Open_Interest>
	<Future Equivalent Open Interest>1142782.602944</Future Equivalent Open Interest>
	<Limit_for_Next_Day>1771298</Limit_for_Next_Day>
</MWPL>
<MWPL>
	<Date>16-DEC-2025</Date>
	<ISIN>INE079A01024</ISIN>
	<Scrip_Name>AMBUJA CEMENTS LTD</Scrip_Name>
	<NSE_Symbol>AMBUJACEM</NSE_Symbol>
	<MWPL_Limit>119762774</MWPL_Limit>
	<Open_Interest>69139350</Open_Interest>
	<Future Equivalent Open Interest>48769358.1101075</Future Equivalent Open Interest>
	<Limit_for_Next_Day>65005277</Limit_for_Next_Day>
</MWPL>
<MWPL>
	<Date>16-DEC-2025</Date>
	<ISIN>INE732I01013</ISIN>
	<Scrip_Name>ANGEL ONE LIMITED</Scrip_Name>
	<NSE_Symbol>ANGELONE</NSE_Symbol>
	<MWPL_Limit>9647634</MWPL_Limit>
	<Open_Interest>11077000</Open_Interest>
	<Future Equivalent Open Interest>3910604.6100025</Future Equivalent Open Interest>
	<Limit_for_Next_Day>5254647</Limit_for_Next_Day>
</MWPL>
<MWPL>
	<Date>16-DEC-2025</Date>
	<ISIN>INE702C01027</ISIN>
	<Scrip_Name>APL APOLLO TUBES LTD</Scrip_Name>
	<NSE_Symbol>APLAPOLLO</NSE_Symbol>
	<MWPL_Limit>27232196</MWPL_Limit>
	<Open_Interest>9637250</Open_Interest>
	<Future Equivalent Open Interest>7724007.8993455</Future Equivalent Open Interest>
	<Limit_for_Next_Day>18146578</Limit_for_Next_Day>
</MWPL>
<MWPL>
	<Date>16-DEC-2025</Date>
	<ISIN>INE437A01024</ISIN>
	<Scrip_Name>APOLLO HOSPITALS ENTER. L</Scrip_Name>
	<NSE_Symbol>APOLLOHOSP</NSE_Symbol>
	<MWPL_Limit>15240043</MWPL_Limit>
	<Open_Interest>6459875</Open_Interest>
	<Future Equivalent Open Interest>3447540.71574</Future Equivalent Open Interest>
	<Limit_for_Next_Day>11030500</Limit_for_Next_Day>
</MWPL>
<MWPL>
	<Date>16-DEC-2025</Date>
	<ISIN>INE208A01029</ISIN>
	<Scrip_Name>ASHOK LEYLAND LTD</Scrip_Name>
	<NSE_Symbol>ASHOKLEY</NSE_Symbol>
	<MWPL_Limit>409181558</MWPL_Limit>
	<Open_Interest>292955000</Open_Interest>
	<Future Equivalent Open Interest>153382530.02625</Future Equivalent Open Interest>
	<Limit_for_Next_Day>235339950</Limit_for_Next_Day>
</MWPL>
<MWPL>
	<Date>16-DEC-2025</Date>
	<ISIN>INE021A01026</ISIN>
	<Scrip_Name>ASIAN PAINTS LIMITED</Scrip_Name>
	<NSE_Symbol>ASIANPAINT</NSE_Symbol>
	<MWPL_Limit>52357280</MWPL_Limit>
	<Open_Interest>25570000</Open_Interest>
	<Future Equivalent Open Interest>12552812.9372725</Future Equivalent Open Interest>
	<Limit_for_Next_Day>37186603</Limit_for_Next_Day>
</MWPL>
<MWPL>
	<Date>16-DEC-2025</Date>
	<ISIN>INE006I01046</ISIN>
	<Scrip_Name>ASTRAL LIMITED</Scrip_Name>
	<NSE_Symbol>ASTRAL</NSE_Symbol>
	<MWPL_Limit>18495534</MWPL_Limit>
	<Open_Interest>13336500</Open_Interest>
	<Future Equivalent Open Interest>7449891.059022</Future Equivalent Open Interest>
	<Limit_for_Next_Day>10120866</Limit_for_Next_Day>
</MWPL>
<MWPL>
	<Date>16-DEC-2025</Date>
	<ISIN>INE949L01017</ISIN>
	<Scrip_Name>AU SMALL FINANCE BANK LTD</Scrip_Name>
	<NSE_Symbol>AUBANK</NSE_Symbol>
	<MWPL_Limit>86234186</MWPL_Limit>
	<Open_Interest>35065000</Open_Interest>
	<Future Equivalent Open Interest>21061339.3938</Future Equivalent Open Interest>
	<Limit_for_Next_Day>60861137</Limit_for_Next_Day>
</MWPL>
<MWPL>
	<Date>16-DEC-2025</Date>
	<ISIN>INE406A01037</ISIN>
	<Scrip_Name>AUROBINDO PHARMA LTD</Scrip_Name>
	<NSE_Symbol>AUROPHARMA</NSE_Symbol>
	<MWPL_Limit>41977935</MWPL_Limit>
	<Open_Interest>30823650</Open_Interest>
	<Future Equivalent Open Interest>22674302.470781</Future Equivalent Open Interest>
	<Limit_for_Next_Day>17204735</Limit_for_Next_Day>
</MWPL>
<MWPL>
	<Date>16-DEC-2025</Date>
	<ISIN>INE238A01034</ISIN>
	<Scrip_Name>AXIS BANK LIMITED</Scrip_Name>
	<NSE_Symbol>AXISBANK</NSE_Symbol>
	<MWPL_Limit>316147681</MWPL_Limit>
	<Open_Interest>135171875</Open_Interest>
	<Future Equivalent Open Interest>80668491.25341875</Future Equivalent Open Interest>
	<Limit_for_Next_Day>219671805</Limit_for_Next_Day>
</MWPL>
<MWPL>
	<Date>16-DEC-2025</Date>
	<ISIN>INE917I01010</ISIN>
	<Scrip_Name>BAJAJ AUTO LIMITED</Scrip_Name>
	<NSE_Symbol>BAJAJ-AUTO</NSE_Symbol>
	<MWPL_Limit>12547731</MWPL_Limit>
	<Open_Interest>6778725</Open_Interest>
	<Future Equivalent Open Interest>3513369.39122575</Future Equivalent Open Interest>
	<Limit_for_Next_Day>8406975</Limit_for_Next_Day>
</MWPL>
<MWPL>
	<Date>16-DEC-2025</Date>
	<ISIN>INE918I01026</ISIN>
	<Scrip_Name>BAJAJ FINSERV LTD.</Scrip_Name>
	<NSE_Symbol>BAJAJFINSV</NSE_Symbol>
	<MWPL_Limit>65659712</MWPL_Limit>
	<Open_Interest>27468250</Open_Interest>
	<Future Equivalent Open Interest>19148320.987235</Future Equivalent Open Interest>
	<Limit_for_Next_Day>43228405</Limit_for_Next_Day>
</MWPL>
<MWPL>
	<Date>16-DEC-2025</Date>
	<ISIN>INE296A01032</ISIN>
	<Scrip_Name>BAJAJ FINANCE LIMITED</Scrip_Name>
	<NSE_Symbol>BAJFINANCE</NSE_Symbol>
	<MWPL_Limit>281116345</MWPL_Limit>
	<Open_Interest>139646250</Open_Interest>
	<Future Equivalent Open Interest>89800485.7803375</Future Equivalent Open Interest>
	<Limit_for_Next_Day>177260041</Limit_for_Next_Day>
</MWPL>
<MWPL>
	<Date>16-DEC-2025</Date>
	<ISIN>INE028A01039</ISIN>
	<Scrip_Name>BANK OF BARODA</Scrip_Name>
	<NSE_Symbol>BANKBARODA</NSE_Symbol>
	<MWPL_Limit>257509827</MWPL_Limit>
	<Open_Interest>182508300</Open_Interest>
	<Future Equivalent Open Interest>92840211.17233175</Future Equivalent Open Interest>
	<Limit_for_Next_Day>151794124</Limit_for_Next_Day>
</MWPL>
<MWPL>
	<Date>16-DEC-2025</Date>
	<ISIN>INE084A01016</ISIN>
	<Scrip_Name>BANK OF INDIA</Scrip_Name>
	<NSE_Symbol>BANKINDIA</NSE_Symbol>
	<MWPL_Limit>181770921</MWPL_Limit>
	<Open_Interest>96272800</Open_Interest>
	<Future Equivalent Open Interest>54288093.333484</Future Equivalent Open Interest>
	<Limit_for_Next_Day>118394281</Limit_for_Next_Day>
</MWPL>
<MWPL>
	<Date>16-DEC-2025</Date>
	<ISIN>INE171Z01026</ISIN>
	<Scrip_Name>BHARAT DYNAMICS LIMITED</Scrip_Name>
	<NSE_Symbol>BDL</NSE_Symbol>
	<MWPL_Limit>13786716</MWPL_Limit>
	<Open_Interest>14605300</Open_Interest>
	<Future Equivalent Open Interest>5050790.9484945</Future Equivalent Open Interest>
	<Limit_for_Next_Day>8046589</Limit_for_Next_Day>
</MWPL>
<MWPL>
	<Date>16-DEC-2025</Date>
	<ISIN>INE263A01024</ISIN>
	<Scrip_Name>BHARAT ELECTRONICS LTD</Scrip_Name>
	<NSE_Symbol>BEL</NSE_Symbol>
	<MWPL_Limit>535778534</MWPL_Limit>
	<Open_Interest>257669925</Open_Interest>
	<Future Equivalent Open Interest>124389149.781843</Future Equivalent Open Interest>
	<Limit_for_Next_Day>384600457</Limit_for_Next_Day>
</MWPL>
<MWPL>
	<Date>16-DEC-2025</Date>
	<ISIN>INE465A01025</ISIN>
	<Scrip_Name>BHARAT FORGE LTD</Scrip_Name>
	<NSE_Symbol>BHARATFORG</NSE_Symbol>
	<MWPL_Limit>35155737</MWPL_Limit>
	<Open_Interest>13541000</Open_Interest>
	<Future Equivalent Open Interest>7915296.946715</Future Equivalent Open Interest>
	<Limit_for_Next_Day>25482653</Limit_for_Next_Day>
</MWPL>
<MWPL>
	<Date>16-DEC-2025</Date>
	<ISIN>INE397D01024</ISIN>
	<Scrip_Name>BHARTI AIRTEL LIMITED</Scrip_Name>
	<NSE_Symbol>BHARTIARTL</NSE_Symbol>
	<MWPL_Limit>314058656</MWPL_Limit>
	<Open_Interest>76843125</Open_Interest>
	<Future Equivalent Open Interest>50520548.4074685</Future Equivalent Open Interest>
	<Limit_for_Next_Day>247835174</Limit_for_Next_Day>
</MWPL>
<MWPL>
	<Date>16-DEC-2025</Date>
	<ISIN>INE257A01026</ISIN>
	<Scrip_Name>BHEL</Scrip_Name>
	<NSE_Symbol>BHEL</NSE_Symbol>
	<MWPL_Limit>169029877</MWPL_Limit>
	<Open_Interest>138810000</Open_Interest>
	<Future Equivalent Open Interest>66810903.888085</Future Equivalent Open Interest>
	<Limit_for_Next_Day>93767479</Limit_for_Next_Day>
</MWPL>
<MWPL>
	<Date>16-DEC-2025</Date>
	<ISIN>INE376G01013</ISIN>
	<Scrip_Name>BIOCON LIMITED.</Scrip_Name>
	<NSE_Symbol>BIOCON</NSE_Symbol>
	<MWPL_Limit>90981174</MWPL_Limit>
	<Open_Interest>99485000</Open_Interest>
	<Future Equivalent Open Interest>50422590.34465</Future Equivalent Open Interest>
	<Limit_for_Next_Day>36009524</Limit_for_Next_Day>
</MWPL>
<MWPL>
	<Date>16-DEC-2025</Date>
	<ISIN>INE472A01039</ISIN>
	<Scrip_Name>BLUE STAR LIMITED</Scrip_Name>
	<NSE_Symbol>BLUESTARCO</NSE_Symbol>
	<MWPL_Limit>19584741</MWPL_Limit>
	<Open_Interest>3406325</Open_Interest>
	<Future Equivalent Open Interest>2318626.6680365</Future Equivalent Open Interest>
	<Limit_for_Next_Day>16286877</Limit_for_Next_Day>
</MWPL>
<MWPL>
	<Date>16-DEC-2025</Date>
	<ISIN>INE323A01026</ISIN>
	<Scrip_Name>BOSCH LIMITED</Scrip_Name>
	<NSE_Symbol>BOSCHLTD</NSE_Symbol>
	<MWPL_Limit>982526</MWPL_Limit>
	<Open_Interest>332200</Open_Interest>
	<Future Equivalent Open Interest>212075.16329375</Future Equivalent Open Interest>
	<Limit_for_Next_Day>721324</Limit_for_Next_Day>
</MWPL>
<MWPL>
	<Date>16-DEC-2025</Date>
	<ISIN>INE029A01011</ISIN>
	<Scrip_Name>BHARAT PETROLEUM CORP  LT</Scrip_Name>
	<NSE_Symbol>BPCL</NSE_Symbol>
	<MWPL_Limit>281577339</MWPL_Limit>
	<Open_Interest>59386275</Open_Interest>
	<Future Equivalent Open Interest>31805937.23823625</Future Equivalent Open Interest>
	<Limit_for_Next_Day>235692534</Limit_for_Next_Day>
</MWPL>
<MWPL>
	<Date>16-DEC-2025</Date>
	<ISIN>INE216A01030</ISIN>
	<Scrip_Name>BRITANNIA INDUSTRIES LTD</Scrip_Name>
	<NSE_Symbol>BRITANNIA</NSE_Symbol>
	<MWPL_Limit>13082978</MWPL_Limit>
	<Open_Interest>4716375</Open_Interest>
	<Future Equivalent Open Interest>2867315.33522625</Future Equivalent Open Interest>
	<Limit_for_Next_Day>9561513</Limit_for_Next_Day>
</MWPL>
<MWPL>
	<Date>16-DEC-2025</Date>
	<ISIN>INE118H01025</ISIN>
	<Scrip_Name>BSE LIMITED</Scrip_Name>
	<NSE_Symbol>BSE</NSE_Symbol>
	<MWPL_Limit>48385387</MWPL_Limit>
	<Open_Interest>34638750</Open_Interest>
	<Future Equivalent Open Interest>13126883.33428375</Future Equivalent Open Interest>
	<Limit_for_Next_Day>32839234</Limit_for_Next_Day>
</MWPL>
<MWPL>
	<Date>16-DEC-2025</Date>
	<ISIN>INE596I01020</ISIN>
	<Scrip_Name>COMPUTER AGE MNGT SER LTD</Scrip_Name>
	<NSE_Symbol>CAMS</NSE_Symbol>
	<MWPL_Limit>37106075</MWPL_Limit>
	<Open_Interest>18543750</Open_Interest>
	<Future Equivalent Open Interest>8963557.5326875</Future Equivalent Open Interest>
	<Limit_for_Next_Day>26287213</Limit_for_Next_Day>
</MWPL>
<MWPL>
	<Date>16-DEC-2025</Date>
	<ISIN>INE476A01022</ISIN>
	<Scrip_Name>CANARA BANK</Scrip_Name>
	<NSE_Symbol>CANBK</NSE_Symbol>
	<MWPL_Limit>504315430</MWPL_Limit>
	<Open_Interest>347753250</Open_Interest>
	<Future Equivalent Open Interest>146699637.7978625</Future Equivalent Open Interest>
	<Limit_for_Next_Day>332400020</Limit_for_Next_Day>
</MWPL>
<MWPL>
	<Date>16-DEC-2025</Date>
	<ISIN>INE736A01011</ISIN>
	<Scrip_Name>CENTRAL DEPO SER (I) LTD</Scrip_Name>
	<NSE_Symbol>CDSL</NSE_Symbol>
	<MWPL_Limit>26647500</MWPL_Limit>
	<Open_Interest>25545025</Open_Interest>
	<Future Equivalent Open Interest>10116844.66063375</Future Equivalent Open Interest>
	<Limit_for_Next_Day>15198280</Limit_for_Next_Day>
</MWPL>
<MWPL>
	<Date>16-DEC-2025</Date>
	<ISIN>INE067A01029</ISIN>
	<Scrip_Name>CG POWER AND IND SOL LTD</Scrip_Name>
	<NSE_Symbol>CGPOWER</NSE_Symbol>
	<MWPL_Limit>100245792</MWPL_Limit>
	<Open_Interest>26909300</Open_Interest>
	<Future Equivalent Open Interest>15338252.577094</Future Equivalent Open Interest>
	<Limit_for_Next_Day>79895249</Limit_for_Next_Day>
</MWPL>
<MWPL>
	<Date>16-DEC-2025</Date>
	<ISIN>INE121A01024</ISIN>
	<Scrip_Name>CHOLAMANDALAM IN & FIN CO</Scrip_Name>
	<NSE_Symbol>CHOLAFIN</NSE_Symbol>
	<MWPL_Limit>63212268</MWPL_Limit>
	<Open_Interest>20152500</Open_Interest>
	<Future Equivalent Open Interest>14114039.51746875</Future Equivalent Open Interest>
	<Limit_for_Next_Day>45937615</Limit_for_Next_Day>
</MWPL>
<MWPL>
	<Date>16-DEC-2025</Date>
	<ISIN>INE059A01026</ISIN>
	<Scrip_Name>CIPLA LTD</Scrip_Name>
	<NSE_Symbol>CIPLA</NSE_Symbol>
	<MWPL_Limit>57073940</MWPL_Limit>
	<Open_Interest>23452500</Open_Interest>
	<Future Equivalent Open Interest>13894277.927475</Future Equivalent Open Interest>
	<Limit_for_Next_Day>40325965</Limit_for_Next_Day>
</MWPL>
<MWPL>
	<Date>16-DEC-2025</Date>
	<ISIN>INE522F01014</ISIN>
	<Scrip_Name>COAL INDIA LTD</Scrip_Name>
	<NSE_Symbol>COALINDIA</NSE_Symbol>
	<MWPL_Limit>227199238</MWPL_Limit>
	<Open_Interest>93437550</Open_Interest>
	<Future Equivalent Open Interest>55332179.642775</Future Equivalent Open Interest>
	<Limit_for_Next_Day>160507096</Limit_for_Next_Day>
</MWPL>
<MWPL>
	<Date>16-DEC-2025</Date>
	<ISIN>INE591G01025</ISIN>
	<Scrip_Name>COFORGE LIMITED</Scrip_Name>
	<NSE_Symbol>COFORGE</NSE_Symbol>
	<MWPL_Limit>50163899</MWPL_Limit>
	<Open_Interest>23493000</Open_Interest>
	<Future Equivalent Open Interest>13339073.51219375</Future Equivalent Open Interest>
	<Limit_for_Next_Day>34316630</Limit_for_Next_Day>
</MWPL>
<MWPL>
	<Date>16-DEC-2025</Date>
	<ISIN>INE259A01022</ISIN>
	<Scrip_Name>COLGATE PALMOLIVE LTD.</Scrip_Name>
	<NSE_Symbol>COLPAL</NSE_Symbol>
	<MWPL_Limit>19990944</MWPL_Limit>
	<Open_Interest>10504800</Open_Interest>
	<Future Equivalent Open Interest>6288673.80074875</Future Equivalent Open Interest>
	<Limit_for_Next_Day>12702722</Limit_for_Next_Day>
</MWPL>
<MWPL>
	<Date>16-DEC-2025</Date>
	<ISIN>INE111A01025</ISIN>
	<Scrip_Name>CONTAINER CORP OF IND LTD</Scrip_Name>
	<NSE_Symbol>CONCOR</NSE_Symbol>
	<MWPL_Limit>48077012</MWPL_Limit>
	<Open_Interest>63381250</Open_Interest>
	<Future Equivalent Open Interest>39289979.141525</Future Equivalent Open Interest>
	<Limit_for_Next_Day>6383182</Limit_for_Next_Day>
</MWPL>
<MWPL>
	<Date>16-DEC-2025</Date>
	<ISIN>INE299U01018</ISIN>
	<Scrip_Name>CROMPT GREA CON ELEC LTD</Scrip_Name>
	<NSE_Symbol>CROMPTON</NSE_Symbol>
	<MWPL_Limit>81400589</MWPL_Limit>
	<Open_Interest>92710800</Open_Interest>
	<Future Equivalent Open Interest>57947589.066634</Future Equivalent Open Interest>
	<Limit_for_Next_Day>19382970</Limit_for_Next_Day>
</MWPL>
<MWPL>
	<Date>16-DEC-2025</Date>
	<ISIN>INE298A01020</ISIN>
	<Scrip_Name>CUMMINS INDIA LTD</Scrip_Name>
	<NSE_Symbol>CUMMINSIND</NSE_Symbol>
	<MWPL_Limit>20374200</MWPL_Limit>
	<Open_Interest>4571200</Open_Interest>
	<Future Equivalent Open Interest>3005302.685162</Future Equivalent Open Interest>
	<Limit_for_Next_Day>16350187</Limit_for_Next_Day>
</MWPL>
<MWPL>
	<Date>16-DEC-2025</Date>
	<ISIN>INE136B01020</ISIN>
	<Scrip_Name>CYIENT LIMITED</Scrip_Name>
	<NSE_Symbol>CYIENT</NSE_Symbol>
	<MWPL_Limit>12039544</MWPL_Limit>
	<Open_Interest>5239400</Open_Interest>
	<Future Equivalent Open Interest>3235420.6797035</Future Equivalent Open Interest>
	<Limit_for_Next_Day>8202146</Limit_for_Next_Day>
</MWPL>
<MWPL>
	<Date>16-DEC-2025</Date>
	<ISIN>INE016A01026</ISIN>
	<Scrip_Name>DABUR INDIA LTD</Scrip_Name>
	<NSE_Symbol>DABUR</NSE_Symbol>
	<MWPL_Limit>89873278</MWPL_Limit>
	<Open_Interest>41665000</Open_Interest>
	<Future Equivalent Open Interest>19699020.300475</Future Equivalent Open Interest>
	<Limit_for_Next_Day>65680593</Limit_for_Next_Day>
</MWPL>
<MWPL>
	<Date>16-DEC-2025</Date>
	<ISIN>INE00R701025</ISIN>
	<Scrip_Name>DALMIA BHARAT LIMITED</Scrip_Name>
	<NSE_Symbol>DALBHARAT</NSE_Symbol>
	<MWPL_Limit>12425041</MWPL_Limit>
	<Open_Interest>4641975</Open_Interest>
	<Future Equivalent Open Interest>2332630.9557215</Future Equivalent Open Interest>
	<Limit_for_Next_Day>9471157</Limit_for_Next_Day>
</MWPL>
<MWPL>
	<Date>16-DEC-2025</Date>
	<ISIN>INE148O01028</ISIN>
	<Scrip_Name>DELHIVERY LIMITED</Scrip_Name>
	<NSE_Symbol>DELHIVERY</NSE_Symbol>
	<MWPL_Limit>94196226</MWPL_Limit>
	<Open_Interest>38489175</Open_Interest>
	<Future Equivalent Open Interest>16691792.03607275</Future Equivalent Open Interest>
	<Limit_for_Next_Day>72794622</Limit_for_Next_Day>
</MWPL>
<MWPL>
	<Date>16-DEC-2025</Date>
	<ISIN>INE361B01024</ISIN>
	<Scrip_Name>DIVI S LABORATORIES LTD</Scrip_Name>
	<NSE_Symbol>DIVISLAB</NSE_Symbol>
	<MWPL_Limit>16353614</MWPL_Limit>
	<Open_Interest>4593700</Open_Interest>
	<Future Equivalent Open Interest>3023375.269649</Future Equivalent Open Interest>
	<Limit_for_Next_Day>12512558</Limit_for_Next_Day>
</MWPL>
<MWPL>
	<Date>16-DEC-2025</Date>
	<ISIN>INE935N01020</ISIN>
	<Scrip_Name>DIXON TECHNO (INDIA) LTD</Scrip_Name>
	<NSE_Symbol>DIXON</NSE_Symbol>
	<MWPL_Limit>6445442</MWPL_Limit>
	<Open_Interest>7318250</Open_Interest>
	<Future Equivalent Open Interest>2338492.409924</Future Equivalent Open Interest>
	<Limit_for_Next_Day>3784677</Limit_for_Next_Day>
</MWPL>
<MWPL>
	<Date>16-DEC-2025</Date>
	<ISIN>INE271C01023</ISIN>
	<Scrip_Name>DLF LIMITED</Scrip_Name>
	<NSE_Symbol>DLF</NSE_Symbol>
	<MWPL_Limit>83667734</MWPL_Limit>
	<Open_Interest>86949225</Open_Interest>
	<Future Equivalent Open Interest>50960001.0687485</Future Equivalent Open Interest>
	<Limit_for_Next_Day>28524346</Limit_for_Next_Day>
</MWPL>
<MWPL>
	<Date>16-DEC-2025</Date>
	<ISIN>INE192R01011</ISIN>
	<Scrip_Name>AVENUE SUPERMARTS LIMITED</Scrip_Name>
	<NSE_Symbol>DMART</NSE_Symbol>
	<MWPL_Limit>22136392</MWPL_Limit>
	<Open_Interest>9324000</Open_Interest>
	<Future Equivalent Open Interest>5619368.7511145</Future Equivalent Open Interest>
	<Limit_for_Next_Day>15410203</Limit_for_Next_Day>
</MWPL>
<MWPL>
	<Date>16-DEC-2025</Date>
	<ISIN>INE089A01031</ISIN>
	<Scrip_Name>DR. REDDY S LABORATORIES</Scrip_Name>
	<NSE_Symbol>DRREDDY</NSE_Symbol>
	<MWPL_Limit>61006521</MWPL_Limit>
	<Open_Interest>23855625</Open_Interest>
	<Future Equivalent Open Interest>13732071.40419375</Future Equivalent Open Interest>
	<Limit_for_Next_Day>44224123</Limit_for_Next_Day>
</MWPL>
<MWPL>
	<Date>16-DEC-2025</Date>
	<ISIN>INE066A01021</ISIN>
	<Scrip_Name>EICHER MOTORS LTD</Scrip_Name>
	<NSE_Symbol>EICHERMOT</NSE_Symbol>
	<MWPL_Limit>20353850</MWPL_Limit>
	<Open_Interest>7957675</Open_Interest>
	<Future Equivalent Open Interest>3371407.8775575</Future Equivalent Open Interest>
	<Limit_for_Next_Day>15964749</Limit_for_Next_Day>
</MWPL>
<MWPL>
	<Date>16-DEC-2025</Date>
	<ISIN>INE758T01015</ISIN>
	<Scrip_Name>ETERNAL LIMITED</Scrip_Name>
	<NSE_Symbol>ETERNAL</NSE_Symbol>
	<MWPL_Limit>1361988292</MWPL_Limit>
	<Open_Interest>451028175</Open_Interest>
	<Future Equivalent Open Interest>312570421.667796</Future Equivalent Open Interest>
	<Limit_for_Next_Day>981318455</Limit_for_Next_Day>
</MWPL>
<MWPL>
	<Date>16-DEC-2025</Date>
	<ISIN>INE302A01020</ISIN>
	<Scrip_Name>EXIDE INDUSTRIES LTD</Scrip_Name>
	<NSE_Symbol>EXIDEIND</NSE_Symbol>
	<MWPL_Limit>68856800</MWPL_Limit>
	<Open_Interest>49266000</Open_Interest>
	<Future Equivalent Open Interest>31826279.238862</Future Equivalent Open Interest>
	<Limit_for_Next_Day>33587680</Limit_for_Next_Day>
</MWPL>
<MWPL>
	<Date>16-DEC-2025</Date>
	<ISIN>INE171A01029</ISIN>
	<Scrip_Name>FEDERAL BANK LTD</Scrip_Name>
	<NSE_Symbol>FEDERALBNK</NSE_Symbol>
	<MWPL_Limit>338654719</MWPL_Limit>
	<Open_Interest>151820000</Open_Interest>
	<Future Equivalent Open Interest>71481620.69105</Future Equivalent Open Interest>
	<Limit_for_Next_Day>250240362</Limit_for_Next_Day>
</MWPL>
<MWPL>
	<Date>16-DEC-2025</Date>
	<ISIN>INE061F01013</ISIN>
	<Scrip_Name>FORTIS HEALTHCARE LTD</Scrip_Name>
	<NSE_Symbol>FORTIS</NSE_Symbol>
	<MWPL_Limit>62490435</MWPL_Limit>
	<Open_Interest>24226500</Open_Interest>
	<Future Equivalent Open Interest>14799273.6782295</Future Equivalent Open Interest>
	<Limit_for_Next_Day>44566639</Limit_for_Next_Day>
</MWPL>
<MWPL>
	<Date>16-DEC-2025</Date>
	<ISIN>INE129A01019</ISIN>
	<Scrip_Name>GAIL (INDIA) LTD</Scrip_Name>
	<NSE_Symbol>GAIL</NSE_Symbol>
	<MWPL_Limit>402429848</MWPL_Limit>
	<Open_Interest>215233200</Open_Interest>
	<Future Equivalent Open Interest>104800740.3837615</Future Equivalent Open Interest>
	<Limit_for_Next_Day>277507615</Limit_for_Next_Day>
</MWPL>
<MWPL>
	<Date>16-DEC-2025</Date>
	<ISIN>INE935A01035</ISIN>
	<Scrip_Name>GLENMARK PHARMACEUTICALS</Scrip_Name>
	<NSE_Symbol>GLENMARK</NSE_Symbol>
	<MWPL_Limit>22585180</MWPL_Limit>
	<Open_Interest>21722250</Open_Interest>
	<Future Equivalent Open Interest>14742034.24680625</Future Equivalent Open Interest>
	<Limit_for_Next_Day>6713886</Limit_for_Next_Day>
</MWPL>
<MWPL>
	<Date>16-DEC-2025</Date>
	<ISIN>INE776C01039</ISIN>
	<Scrip_Name>GMR AIRPORTS LIMITED</Scrip_Name>
	<NSE_Symbol>GMRAIRPORT</NSE_Symbol>
	<MWPL_Limit>534704421</MWPL_Limit>
	<Open_Interest>402032025</Open_Interest>
	<Future Equivalent Open Interest>184130425.259311</Future Equivalent Open Interest>
	<Limit_for_Next_Day>323838774</Limit_for_Next_Day>
</MWPL>
<MWPL>
	<Date>16-DEC-2025</Date>
	<ISIN>INE102D01028</ISIN>
	<Scrip_Name>GODREJ CONSUMER PRODUCTS</Scrip_Name>
	<NSE_Symbol>GODREJCP</NSE_Symbol>
	<MWPL_Limit>58001204</MWPL_Limit>
	<Open_Interest>14425500</Open_Interest>
	<Future Equivalent Open Interest>9582123.21679</Future Equivalent Open Interest>
	<Limit_for_Next_Day>45519020</Limit_for_Next_Day>
</MWPL>
<MWPL>
	<Date>16-DEC-2025</Date>
	<ISIN>INE484J01027</ISIN>
	<Scrip_Name>GODREJ PROPERTIES LTD</Scrip_Name>
	<NSE_Symbol>GODREJPROP</NSE_Symbol>
	<MWPL_Limit>24082879</MWPL_Limit>
	<Open_Interest>14234550</Open_Interest>
	<Future Equivalent Open Interest>9076926.56180175</Future Equivalent Open Interest>
	<Limit_for_Next_Day>13801808</Limit_for_Next_Day>
</MWPL>
<MWPL>
	<Date>16-DEC-2025</Date>
	<ISIN>INE047A01021</ISIN>
	<Scrip_Name>GRASIM INDUSTRIES LTD</Scrip_Name>
	<NSE_Symbol>GRASIM</NSE_Symbol>
	<MWPL_Limit>38514157</MWPL_Limit>
	<Open_Interest>20575500</Open_Interest>
	<Future Equivalent Open Interest>16005697.24942</Future Equivalent Open Interest>
	<Limit_for_Next_Day>20582751</Limit_for_Next_Day>
</MWPL>
<MWPL>
	<Date>16-DEC-2025</Date>
	<ISIN>INE066F01020</ISIN>
	<Scrip_Name>HINDUSTAN AERONAUTICS LTD</Scrip_Name>
	<NSE_Symbol>HAL</NSE_Symbol>
	<MWPL_Limit>28450886</MWPL_Limit>
	<Open_Interest>23766150</Open_Interest>
	<Future Equivalent Open Interest>10630724.691015</Future Equivalent Open Interest>
	<Limit_for_Next_Day>16397617</Limit_for_Next_Day>
</MWPL>
<MWPL>
	<Date>16-DEC-2025</Date>
	<ISIN>INE176B01034</ISIN>
	<Scrip_Name>HAVELLS INDIA LIMITED</Scrip_Name>
	<NSE_Symbol>HAVELLS</NSE_Symbol>
	<MWPL_Limit>38133766</MWPL_Limit>
	<Open_Interest>12970000</Open_Interest>
	<Future Equivalent Open Interest>8501716.34103</Future Equivalent Open Interest>
	<Limit_for_Next_Day>27725361</Limit_for_Next_Day>
</MWPL>
<MWPL>
	<Date>16-DEC-2025</Date>
	<ISIN>INE860A01027</ISIN>
	<Scrip_Name>HCL TECHNOLOGIES LTD</Scrip_Name>
	<NSE_Symbol>HCLTECH</NSE_Symbol>
	<MWPL_Limit>145993539</MWPL_Limit>
	<Open_Interest>28908250</Open_Interest>
	<Future Equivalent Open Interest>17957595.912024</Future Equivalent Open Interest>
	<Limit_for_Next_Day>120736266</Limit_for_Next_Day>
</MWPL>
<MWPL>
	<Date>16-DEC-2025</Date>
	<ISIN>INE127D01025</ISIN>
	<Scrip_Name>HDFC AMC LIMITED</Scrip_Name>
	<NSE_Symbol>HDFCAMC</NSE_Symbol>
	<MWPL_Limit>30518916</MWPL_Limit>
	<Open_Interest>8264700</Open_Interest>
	<Future Equivalent Open Interest>4901486.571181</Future Equivalent Open Interest>
	<Limit_for_Next_Day>24091483</Limit_for_Next_Day>
</MWPL>
<MWPL>
	<Date>16-DEC-2025</Date>
	<ISIN>INE040A01034</ISIN>
	<Scrip_Name>HDFC BANK LTD</Scrip_Name>
	<NSE_Symbol>HDFCBANK</NSE_Symbol>
	<MWPL_Limit>1329733550</MWPL_Limit>
	<Open_Interest>279858150</Open_Interest>
	<Future Equivalent Open Interest>218235223.1431665</Future Equivalent Open Interest>
	<Limit_for_Next_Day>1045011649</Limit_for_Next_Day>
</MWPL>
<MWPL>
	<Date>16-DEC-2025</Date>
	<ISIN>INE795G01014</ISIN>
	<Scrip_Name>HDFC LIFE INS CO LTD</Scrip_Name>
	<NSE_Symbol>HDFCLIFE</NSE_Symbol>
	<MWPL_Limit>119296253</MWPL_Limit>
	<Open_Interest>61205100</Open_Interest>
	<Future Equivalent Open Interest>31740581.35847</Future Equivalent Open Interest>
	<Limit_for_Next_Day>81590858</Limit_for_Next_Day>
</MWPL>
<MWPL>
	<Date>16-DEC-2025</Date>
	<ISIN>INE158A01026</ISIN>
	<Scrip_Name>HERO MOTOCORP LIMITED</Scrip_Name>
	<NSE_Symbol>HEROMOTOCO</NSE_Symbol>
	<MWPL_Limit>19579129</MWPL_Limit>
	<Open_Interest>10968000</Open_Interest>
	<Future Equivalent Open Interest>6246658.15615</Future Equivalent Open Interest>
	<Limit_for_Next_Day>12353514</Limit_for_Next_Day>
</MWPL>
<MWPL>
	<Date>16-DEC-2025</Date>
	<ISIN>INE548A01028</ISIN>
	<Scrip_Name>HFCL LIMITED</Scrip_Name>
	<NSE_Symbol>HFCL</NSE_Symbol>
	<MWPL_Limit>147979599</MWPL_Limit>
	<Open_Interest>214030350</Open_Interest>
	<Future Equivalent Open Interest>109448994.320595</Future Equivalent Open Interest>
	<Limit_for_Next_Day>31131624</Limit_for_Next_Day>
</MWPL>
<MWPL>
	<Date>16-DEC-2025</Date>
	<ISIN>INE038A01020</ISIN>
	<Scrip_Name>HINDALCO  INDUSTRIES  LTD</Scrip_Name>
	<NSE_Symbol>HINDALCO</NSE_Symbol>
	<MWPL_Limit>176136372</MWPL_Limit>
	<Open_Interest>104912500</Open_Interest>
	<Future Equivalent Open Interest>80518921.684728</Future Equivalent Open Interest>
	<Limit_for_Next_Day>86810631</Limit_for_Next_Day>
</MWPL>
<MWPL>
	<Date>16-DEC-2025</Date>
	<ISIN>INE094A01015</ISIN>
	<Scrip_Name>HINDUSTAN PETROLEUM CORP</Scrip_Name>
	<NSE_Symbol>HINDPETRO</NSE_Symbol>
	<MWPL_Limit>143933168</MWPL_Limit>
	<Open_Interest>61904250</Open_Interest>
	<Future Equivalent Open Interest>39576422.08033625</Future Equivalent Open Interest>
	<Limit_for_Next_Day>97160087</Limit_for_Next_Day>
</MWPL>
<MWPL>
	<Date>16-DEC-2025</Date>
	<ISIN>INE030A01027</ISIN>
	<Scrip_Name>HINDUSTAN UNILEVER LTD.</Scrip_Name>
	<NSE_Symbol>HINDUNILVR</NSE_Symbol>
	<MWPL_Limit>89517840</MWPL_Limit>
	<Open_Interest>20369700</Open_Interest>
	<Future Equivalent Open Interest>10611178.658778</Future Equivalent Open Interest>
	<Limit_for_Next_Day>74430769</Limit_for_Next_Day>
</MWPL>
<MWPL>
	<Date>16-DEC-2025</Date>
	<ISIN>INE267A01025</ISIN>
	<Scrip_Name>HINDUSTAN ZINC LIMITED</Scrip_Name>
	<NSE_Symbol>HINDZINC</NSE_Symbol>
	<MWPL_Limit>167680340</MWPL_Limit>
	<Open_Interest>112587300</Open_Interest>
	<Future Equivalent Open Interest>41772049.33346225</Future Equivalent Open Interest>
	<Limit_for_Next_Day>117524273</Limit_for_Next_Day>
</MWPL>
<MWPL>
	<Date>16-DEC-2025</Date>
	<ISIN>INE031A01017</ISIN>
	<Scrip_Name>HSG & URBAN DEV CORPN LTD</Scrip_Name>
	<NSE_Symbol>HUDCO</NSE_Symbol>
	<MWPL_Limit>75071250</MWPL_Limit>
	<Open_Interest>94280625</Open_Interest>
	<Future Equivalent Open Interest>37490166.0140405</Future Equivalent Open Interest>
	<Limit_for_Next_Day>33827521</Limit_for_Next_Day>
</MWPL>
<MWPL>
	<Date>16-DEC-2025</Date>
	<ISIN>INE090A01021</ISIN>
	<Scrip_Name>ICICI BANK LTD.</Scrip_Name>
	<NSE_Symbol>ICICIBANK</NSE_Symbol>
	<MWPL_Limit>579785172</MWPL_Limit>
	<Open_Interest>178860500</Open_Interest>
	<Future Equivalent Open Interest>118363444.541996</Future Equivalent Open Interest>
	<Limit_for_Next_Day>432432468</Limit_for_Next_Day>
</MWPL>
<MWPL>
	<Date>16-DEC-2025</Date>
	<ISIN>INE765G01017</ISIN>
	<Scrip_Name>ICICI LOMBARD GIC LIMITED</Scrip_Name>
	<NSE_Symbol>ICICIGI</NSE_Symbol>
	<MWPL_Limit>26688038</MWPL_Limit>
	<Open_Interest>8671325</Open_Interest>
	<Future Equivalent Open Interest>5911814.498717</Future Equivalent Open Interest>
	<Limit_for_Next_Day>19441821</Limit_for_Next_Day>
</MWPL>
<MWPL>
	<Date>16-DEC-2025</Date>
	<ISIN>INE726G01019</ISIN>
	<Scrip_Name>ICICI PRU LIFE INS CO LTD</Scrip_Name>
	<NSE_Symbol>ICICIPRULI</NSE_Symbol>
	<MWPL_Limit>48653643</MWPL_Limit>
	<Open_Interest>23290575</Open_Interest>
	<Future Equivalent Open Interest>16904855.3248445</Future Equivalent Open Interest>
	<Limit_for_Next_Day>29316105</Limit_for_Next_Day>
</MWPL>
<MWPL>
	<Date>16-DEC-2025</Date>
	<ISIN>INE669E01016</ISIN>
	<Scrip_Name>VODAFONE IDEA LIMITED</Scrip_Name>
	<NSE_Symbol>IDEA</NSE_Symbol>
	<MWPL_Limit>8713529091</MWPL_Limit>
	<Open_Interest>10706025825</Open_Interest>
	<Future Equivalent Open Interest>6888438441.08415825</Future Equivalent Open Interest>
	<Limit_for_Next_Day>1389414195</Limit_for_Next_Day>
</MWPL>
<MWPL>
	<Date>16-DEC-2025</Date>
	<ISIN>INE092T01019</ISIN>
	<Scrip_Name>IDFC FIRST BANK LIMITED</Scrip_Name>
	<NSE_Symbol>IDFCFIRSTB</NSE_Symbol>
	<MWPL_Limit>761294821</MWPL_Limit>
	<Open_Interest>578815650</Open_Interest>
	<Future Equivalent Open Interest>365455098.1571855</Future Equivalent Open Interest>
	<Limit_for_Next_Day>357774981</Limit_for_Next_Day>
</MWPL>
<MWPL>
	<Date>16-DEC-2025</Date>
	<ISIN>INE022Q01020</ISIN>
	<Scrip_Name>INDIAN ENERGY EXC LTD</Scrip_Name>
	<NSE_Symbol>IEX</NSE_Symbol>
	<MWPL_Limit>133395043</MWPL_Limit>
	<Open_Interest>136871250</Open_Interest>
	<Future Equivalent Open Interest>57516065.6152625</Future Equivalent Open Interest>
	<Limit_for_Next_Day>69209225</Limit_for_Next_Day>
</MWPL>
<MWPL>
	<Date>16-DEC-2025</Date>
	<ISIN>INE530B01024</ISIN>
	<Scrip_Name>IIFL FINANCE LIMITED</Scrip_Name>
	<NSE_Symbol>IIFL</NSE_Symbol>
	<MWPL_Limit>47888370</MWPL_Limit>
	<Open_Interest>23804550</Open_Interest>
	<Future Equivalent Open Interest>12547001.269636</Future Equivalent Open Interest>
	<Limit_for_Next_Day>32946950</Limit_for_Next_Day>
</MWPL>
<MWPL>
	<Date>16-DEC-2025</Date>
	<ISIN>INE053A01029</ISIN>
	<Scrip_Name>THE INDIAN HOTELS CO. LTD</Scrip_Name>
	<NSE_Symbol>INDHOTEL</NSE_Symbol>
	<MWPL_Limit>111956321</MWPL_Limit>
	<Open_Interest>42356000</Open_Interest>
	<Future Equivalent Open Interest>27310736.53916</Future Equivalent Open Interest>
	<Limit_for_Next_Day>79047768</Limit_for_Next_Day>
</MWPL>
<MWPL>
	<Date>16-DEC-2025</Date>
	<ISIN>INE562A01011</ISIN>
	<Scrip_Name>INDIAN BANK</Scrip_Name>
	<NSE_Symbol>INDIANB</NSE_Symbol>
	<MWPL_Limit>52862157</MWPL_Limit>
	<Open_Interest>29282000</Open_Interest>
	<Future Equivalent Open Interest>12326034.36041</Future Equivalent Open Interest>
	<Limit_for_Next_Day>37893014</Limit_for_Next_Day>
</MWPL>
<MWPL>
	<Date>16-DEC-2025</Date>
	<ISIN>INE646L01027</ISIN>
	<Scrip_Name>INTERGLOBE AVIATION LTD</Scrip_Name>
	<NSE_Symbol>INDIGO</NSE_Symbol>
	<MWPL_Limit>32732860</MWPL_Limit>
	<Open_Interest>38605200</Open_Interest>
	<Future Equivalent Open Interest>13272677.1537065</Future Equivalent Open Interest>
	<Limit_for_Next_Day>17823539</Limit_for_Next_Day>
</MWPL>
<MWPL>
	<Date>16-DEC-2025</Date>
	<ISIN>INE095A01012</ISIN>
	<Scrip_Name>INDUSIND BANK LIMITED</Scrip_Name>
	<NSE_Symbol>INDUSINDBK</NSE_Symbol>
	<MWPL_Limit>93805784</MWPL_Limit>
	<Open_Interest>71325800</Open_Interest>
	<Future Equivalent Open Interest>47997935.455367</Future Equivalent Open Interest>
	<Limit_for_Next_Day>41117559</Limit_for_Next_Day>
</MWPL>
<MWPL>
	<Date>16-DEC-2025</Date>
	<ISIN>INE121J01017</ISIN>
	<Scrip_Name>INDUS TOWERS LIMITED</Scrip_Name>
	<NSE_Symbol>INDUSTOWER</NSE_Symbol>
	<MWPL_Limit>197705578</MWPL_Limit>
	<Open_Interest>127314700</Open_Interest>
	<Future Equivalent Open Interest>85763939.664852</Future Equivalent Open Interest>
	<Limit_for_Next_Day>102056359</Limit_for_Next_Day>
</MWPL>
<MWPL>
	<Date>16-DEC-2025</Date>
	<ISIN>INE009A01021</ISIN>
	<Scrip_Name>INFOSYS LIMITED</Scrip_Name>
	<NSE_Symbol>INFY</NSE_Symbol>
	<MWPL_Limit>341789333</MWPL_Limit>
	<Open_Interest>113870400</Open_Interest>
	<Future Equivalent Open Interest>73542748.406364</Future Equivalent Open Interest>
	<Limit_for_Next_Day>251157117</Limit_for_Next_Day>
</MWPL>
<MWPL>
	<Date>16-DEC-2025</Date>
	<ISIN>INE066P01011</ISIN>
	<Scrip_Name>INOX WIND LIMITED</Scrip_Name>
	<NSE_Symbol>INOXWIND</NSE_Symbol>
	<MWPL_Limit>144708707</MWPL_Limit>
	<Open_Interest>158855438</Open_Interest>
	<Future Equivalent Open Interest>91781093.55875296</Future Equivalent Open Interest>
	<Limit_for_Next_Day>45692178</Limit_for_Next_Day>
</MWPL>
<MWPL>
	<Date>16-DEC-2025</Date>
	<ISIN>INE242A01010</ISIN>
	<Scrip_Name>INDIAN OIL CORP LTD</Scrip_Name>
	<NSE_Symbol>IOC</NSE_Symbol>
	<MWPL_Limit>684903861</MWPL_Limit>
	<Open_Interest>199358250</Open_Interest>
	<Future Equivalent Open Interest>103703234.0415</Future Equivalent Open Interest>
	<Limit_for_Next_Day>546955433</Limit_for_Next_Day>
</MWPL>
<MWPL>
	<Date>16-DEC-2025</Date>
	<ISIN>INE335Y01020</ISIN>
	<Scrip_Name>INDIAN RAIL TOUR CORP LTD</Scrip_Name>
	<NSE_Symbol>IRCTC</NSE_Symbol>
	<MWPL_Limit>30082783</MWPL_Limit>
	<Open_Interest>37681875</Open_Interest>
	<Future Equivalent Open Interest>19285436.47368</Future Equivalent Open Interest>
	<Limit_for_Next_Day>9293207</Limit_for_Next_Day>
</MWPL>
<MWPL>
	<Date>16-DEC-2025</Date>
	<ISIN>INE202E01016</ISIN>
	<Scrip_Name>INDIAN RENEWABLE ENERGY</Scrip_Name>
	<NSE_Symbol>IREDA</NSE_Symbol>
	<MWPL_Limit>119011160</MWPL_Limit>
	<Open_Interest>109106250</Open_Interest>
	<Future Equivalent Open Interest>48665504.3159755</Future Equivalent Open Interest>
	<Limit_for_Next_Day>64395097</Limit_for_Next_Day>
</MWPL>
<MWPL>
	<Date>16-DEC-2025</Date>
	<ISIN>INE053F01010</ISIN>
	<Scrip_Name>INDIAN RAILWAY FIN CORP L</Scrip_Name>
	<NSE_Symbol>IRFC</NSE_Symbol>
	<MWPL_Limit>226853356</MWPL_Limit>
	<Open_Interest>110997250</Open_Interest>
	<Future Equivalent Open Interest>47177116.3002425</Future Equivalent Open Interest>
	<Limit_for_Next_Day>168333571</Limit_for_Next_Day>
</MWPL>
<MWPL>
	<Date>16-DEC-2025</Date>
	<ISIN>INE154A01025</ISIN>
	<Scrip_Name>ITC LTD</Scrip_Name>
	<NSE_Symbol>ITC</NSE_Symbol>
	<MWPL_Limit>1251412841</MWPL_Limit>
	<Open_Interest>271793600</Open_Interest>
	<Future Equivalent Open Interest>177584549.025696</Future Equivalent Open Interest>
	<Limit_for_Next_Day>1011257649</Limit_for_Next_Day>
</MWPL>
<MWPL>
	<Date>16-DEC-2025</Date>
	<ISIN>INE749A01030</ISIN>
	<Scrip_Name>JINDAL STEEL LIMITED</Scrip_Name>
	<NSE_Symbol>JINDALSTEL</NSE_Symbol>
	<MWPL_Limit>54776702</MWPL_Limit>
	<Open_Interest>21504375</Open_Interest>
	<Future Equivalent Open Interest>12354111.8711</Future Equivalent Open Interest>
	<Limit_for_Next_Day>39683755</Limit_for_Next_Day>
</MWPL>
<MWPL>
	<Date>16-DEC-2025</Date>
	<ISIN>INE758E01017</ISIN>
	<Scrip_Name>JIO FIN SERVICES LTD</Scrip_Name>
	<NSE_Symbol>JIOFIN</NSE_Symbol>
	<MWPL_Limit>446457456</MWPL_Limit>
	<Open_Interest>271436750</Open_Interest>
	<Future Equivalent Open Interest>160915634.590549</Future Equivalent Open Interest>
	<Limit_for_Next_Day>263218948</Limit_for_Next_Day>
</MWPL>
<MWPL>
	<Date>16-DEC-2025</Date>
	<ISIN>INE121E01018</ISIN>
	<Scrip_Name>JSW ENERGY LIMITED</Scrip_Name>
	<NSE_Symbol>JSWENERGY</NSE_Symbol>
	<MWPL_Limit>80203755</MWPL_Limit>
	<Open_Interest>73960000</Open_Interest>
	<Future Equivalent Open Interest>47295459.66038</Future Equivalent Open Interest>
	<Limit_for_Next_Day>28898107</Limit_for_Next_Day>
</MWPL>
<MWPL>
	<Date>16-DEC-2025</Date>
	<ISIN>INE019A01038</ISIN>
	<Scrip_Name>JSW STEEL LIMITED</Scrip_Name>
	<NSE_Symbol>JSWSTEEL</NSE_Symbol>
	<MWPL_Limit>133166619</MWPL_Limit>
	<Open_Interest>79796475</Open_Interest>
	<Future Equivalent Open Interest>49572023.230485</Future Equivalent Open Interest>
	<Limit_for_Next_Day>76936264</Limit_for_Next_Day>
</MWPL>
<MWPL>
	<Date>16-DEC-2025</Date>
	<ISIN>INE797F01020</ISIN>
	<Scrip_Name>JUBILANT FOODWORKS LTD</Scrip_Name>
	<NSE_Symbol>JUBLFOOD</NSE_Symbol>
	<MWPL_Limit>48884739</MWPL_Limit>
	<Open_Interest>42521250</Open_Interest>
	<Future Equivalent Open Interest>22365057.2423375</Future Equivalent Open Interest>
	<Limit_for_Next_Day>24075444</Limit_for_Next_Day>
</MWPL>
<MWPL>
	<Date>16-DEC-2025</Date>
	<ISIN>INE303R01014</ISIN>
	<Scrip_Name>KALYAN JEWELLERS IND LTD</Scrip_Name>
	<NSE_Symbol>KALYANKJIL</NSE_Symbol>
	<MWPL_Limit>57552009</MWPL_Limit>
	<Open_Interest>50624875</Open_Interest>
	<Future Equivalent Open Interest>34170103.965462</Future Equivalent Open Interest>
	<Limit_for_Next_Day>20504304</Limit_for_Next_Day>
</MWPL>
<MWPL>
	<Date>16-DEC-2025</Date>
	<ISIN>INE918Z01012</ISIN>
	<Scrip_Name>KAYNES TECHNOLOGY IND LTD</Scrip_Name>
	<NSE_Symbol>KAYNES</NSE_Symbol>
	<MWPL_Limit>4667784</MWPL_Limit>
	<Open_Interest>15241000</Open_Interest>
	<Future Equivalent Open Interest>3633977.706047</Future Equivalent Open Interest>
	<Limit_for_Next_Day>800417</Limit_for_Next_Day>
</MWPL>
<MWPL>
	<Date>16-DEC-2025</Date>
	<ISIN>INE878B01027</ISIN>
	<Scrip_Name>KEI INDUSTRIES LTD.</Scrip_Name>
	<NSE_Symbol>KEI</NSE_Symbol>
	<MWPL_Limit>9313740</MWPL_Limit>
	<Open_Interest>2098775</Open_Interest>
	<Future Equivalent Open Interest>1102539.23031125</Future Equivalent Open Interest>
	<Limit_for_Next_Day>7745513</Limit_for_Next_Day>
</MWPL>
<MWPL>
	<Date>16-DEC-2025</Date>
	<ISIN>INE138Y01010</ISIN>
	<Scrip_Name>KFIN TECHNOLOGIES LIMITED</Scrip_Name>
	<NSE_Symbol>KFINTECH</NSE_Symbol>
	<MWPL_Limit>19911179</MWPL_Limit>
	<Open_Interest>8579700</Open_Interest>
	<Future Equivalent Open Interest>3581411.6127445</Future Equivalent Open Interest>
	<Limit_for_Next_Day>15334208</Limit_for_Next_Day>
</MWPL>
<MWPL>
	<Date>16-DEC-2025</Date>
	<ISIN>INE237A01028</ISIN>
	<Scrip_Name>KOTAK MAHINDRA BANK LTD</Scrip_Name>
	<NSE_Symbol>KOTAKBANK</NSE_Symbol>
	<MWPL_Limit>215751979</MWPL_Limit>
	<Open_Interest>57104800</Open_Interest>
	<Future Equivalent Open Interest>41836718.84724</Future Equivalent Open Interest>
	<Limit_for_Next_Day>163127661</Limit_for_Next_Day>
</MWPL>
<MWPL>
	<Date>16-DEC-2025</Date>
	<ISIN>INE04I401011</ISIN>
	<Scrip_Name>KPIT TECHNOLOGIES LIMITED</Scrip_Name>
	<NSE_Symbol>KPITTECH</NSE_Symbol>
	<MWPL_Limit>24568295</MWPL_Limit>
	<Open_Interest>7880725</Open_Interest>
	<Future Equivalent Open Interest>3736518.1007525</Future Equivalent Open Interest>
	<Limit_for_Next_Day>19603362</Limit_for_Next_Day>
</MWPL>
<MWPL>
	<Date>16-DEC-2025</Date>
	<ISIN>INE947Q01028</ISIN>
	<Scrip_Name>LAURUS LABS LIMITED</Scrip_Name>
	<NSE_Symbol>LAURUSLABS</NSE_Symbol>
	<MWPL_Limit>58629477</MWPL_Limit>
	<Open_Interest>30239600</Open_Interest>
	<Future Equivalent Open Interest>17508411.4303685</Future Equivalent Open Interest>
	<Limit_for_Next_Day>38189591</Limit_for_Next_Day>
</MWPL>
<MWPL>
	<Date>16-DEC-2025</Date>
	<ISIN>INE115A01026</ISIN>
	<Scrip_Name>LIC HOUSING FINANCE LTD</Scrip_Name>
	<NSE_Symbol>LICHSGFIN</NSE_Symbol>
	<MWPL_Limit>45183075</MWPL_Limit>
	<Open_Interest>54339000</Open_Interest>
	<Future Equivalent Open Interest>35792375.20543</Future Equivalent Open Interest>
	<Limit_for_Next_Day>7131546</Limit_for_Next_Day>
</MWPL>
<MWPL>
	<Date>16-DEC-2025</Date>
	<ISIN>INE0J1Y01017</ISIN>
	<Scrip_Name>LIFE INSURA CORP OF INDIA</Scrip_Name>
	<NSE_Symbol>LICI</NSE_Symbol>
	<MWPL_Limit>32057152</MWPL_Limit>
	<Open_Interest>25495400</Open_Interest>
	<Future Equivalent Open Interest>11415196.8486</Future Equivalent Open Interest>
	<Limit_for_Next_Day>19039097</Limit_for_Next_Day>
</MWPL>
<MWPL>
	<Date>16-DEC-2025</Date>
	<ISIN>INE670K01029</ISIN>
	<Scrip_Name>LODHA DEVELOPERS LIMITED</Scrip_Name>
	<NSE_Symbol>LODHA</NSE_Symbol>
	<MWPL_Limit>42060143</MWPL_Limit>
	<Open_Interest>19919700</Open_Interest>
	<Future Equivalent Open Interest>13311422.4034315</Future Equivalent Open Interest>
	<Limit_for_Next_Day>26645713</Limit_for_Next_Day>
</MWPL>
<MWPL>
	<Date>16-DEC-2025</Date>
	<ISIN>INE018A01030</ISIN>
	<Scrip_Name>LARSEN & TOUBRO LTD.</Scrip_Name>
	<NSE_Symbol>LT</NSE_Symbol>
	<MWPL_Limit>136007303</MWPL_Limit>
	<Open_Interest>22812825</Open_Interest>
	<Future Equivalent Open Interest>14432382.27008575</Future Equivalent Open Interest>
	<Limit_for_Next_Day>114774555</Limit_for_Next_Day>
</MWPL>
<MWPL>
	<Date>16-DEC-2025</Date>
	<ISIN>INE498L01015</ISIN>
	<Scrip_Name>L&T FINANCE LIMITED</Scrip_Name>
	<NSE_Symbol>LTF</NSE_Symbol>
	<MWPL_Limit>126777205</MWPL_Limit>
	<Open_Interest>100274200</Open_Interest>
	<Future Equivalent Open Interest>43569336.97838494</Future Equivalent Open Interest>
	<Limit_for_Next_Day>76869007</Limit_for_Next_Day>
</MWPL>
<MWPL>
	<Date>16-DEC-2025</Date>
	<ISIN>INE214T01019</ISIN>
	<Scrip_Name>LTIMINDTREE LIMITED</Scrip_Name>
	<NSE_Symbol>LTIM</NSE_Symbol>
	<MWPL_Limit>9315942</MWPL_Limit>
	<Open_Interest>3853800</Open_Interest>
	<Future Equivalent Open Interest>2213401.383094</Future Equivalent Open Interest>
	<Limit_for_Next_Day>6636743</Limit_for_Next_Day>
</MWPL>
<MWPL>
	<Date>16-DEC-2025</Date>
	<ISIN>INE326A01037</ISIN>
	<Scrip_Name>LUPIN LIMITED</Scrip_Name>
	<NSE_Symbol>LUPIN</NSE_Symbol>
	<MWPL_Limit>35341043</MWPL_Limit>
	<Open_Interest>12620800</Open_Interest>
	<Future Equivalent Open Interest>7653014.66481875</Future Equivalent Open Interest>
	<Limit_for_Next_Day>25920976</Limit_for_Next_Day>
</MWPL>
<MWPL>
	<Date>16-DEC-2025</Date>
	<ISIN>INE101A01026</ISIN>
	<Scrip_Name>MAHINDRA & MAHINDRA LTD</Scrip_Name>
	<NSE_Symbol>M&M</NSE_Symbol>
	<MWPL_Limit>100261459</MWPL_Limit>
	<Open_Interest>28991400</Open_Interest>
	<Future Equivalent Open Interest>18907235.088004</Future Equivalent Open Interest>
	<Limit_for_Next_Day>76341150</Limit_for_Next_Day>
</MWPL>
<MWPL>
	<Date>16-DEC-2025</Date>
	<ISIN>INE522D01027</ISIN>
	<Scrip_Name>MANAPPURAM FINANCE LTD</Scrip_Name>
	<NSE_Symbol>MANAPPURAM</NSE_Symbol>
	<MWPL_Limit>82205057</MWPL_Limit>
	<Open_Interest>69210000</Open_Interest>
	<Future Equivalent Open Interest>41107113.99697</Future Equivalent Open Interest>
	<Limit_for_Next_Day>36987690</Limit_for_Next_Day>
</MWPL>
<MWPL>
	<Date>16-DEC-2025</Date>
	<ISIN>INE634S01028</ISIN>
	<Scrip_Name>MANKIND PHARMA LIMITED</Scrip_Name>
	<NSE_Symbol>MANKIND</NSE_Symbol>
	<MWPL_Limit>16915220</MWPL_Limit>
	<Open_Interest>4324500</Open_Interest>
	<Future Equivalent Open Interest>2713618.44629625</Future Equivalent Open Interest>
	<Limit_for_Next_Day>13355840</Limit_for_Next_Day>
</MWPL>
<MWPL>
	<Date>16-DEC-2025</Date>
	<ISIN>INE196A01026</ISIN>
	<Scrip_Name>MARICO LIMITED</Scrip_Name>
	<NSE_Symbol>MARICO</NSE_Symbol>
	<MWPL_Limit>79408529</MWPL_Limit>
	<Open_Interest>44305200</Open_Interest>
	<Future Equivalent Open Interest>34721021.0869</Future Equivalent Open Interest>
	<Limit_for_Next_Day>40717081</Limit_for_Next_Day>
</MWPL>
<MWPL>
	<Date>16-DEC-2025</Date>
	<ISIN>INE585B01010</ISIN>
	<Scrip_Name>MARUTI SUZUKI INDIA LTD.</Scrip_Name>
	<NSE_Symbol>MARUTI</NSE_Symbol>
	<MWPL_Limit>16752897</MWPL_Limit>
	<Open_Interest>5985200</Open_Interest>
	<Future Equivalent Open Interest>3118902.752886</Future Equivalent Open Interest>
	<Limit_for_Next_Day>12796349</Limit_for_Next_Day>
</MWPL>
<MWPL>
	<Date>16-DEC-2025</Date>
	<ISIN>INE027H01010</ISIN>
	<Scrip_Name>MAX HEALTHCARE INS LTD</Scrip_Name>
	<NSE_Symbol>MAXHEALTH</NSE_Symbol>
	<MWPL_Limit>97211768</MWPL_Limit>
	<Open_Interest>27195525</Open_Interest>
	<Future Equivalent Open Interest>19165559.39511425</Future Equivalent Open Interest>
	<Limit_for_Next_Day>73185620</Limit_for_Next_Day>
</MWPL>
<MWPL>
	<Date>16-DEC-2025</Date>
	<ISIN>INE249Z01020</ISIN>
	<Scrip_Name>MAZAGON DOCK SHIPBUIL LTD</Scrip_Name>
	<NSE_Symbol>MAZDOCK</NSE_Symbol>
	<MWPL_Limit>11364224</MWPL_Limit>
	<Open_Interest>10501675</Open_Interest>
	<Future Equivalent Open Interest>4871479.523987</Future Equivalent Open Interest>
	<Limit_for_Next_Day>5924533</Limit_for_Next_Day>
</MWPL>
<MWPL>
	<Date>16-DEC-2025</Date>
	<ISIN>INE745G01035</ISIN>
	<Scrip_Name>MULTI COMMODITY EXCHANGE</Scrip_Name>
	<NSE_Symbol>MCX</NSE_Symbol>
	<MWPL_Limit>7635422</MWPL_Limit>
	<Open_Interest>7671875</Open_Interest>
	<Future Equivalent Open Interest>3062294.7205475</Future Equivalent Open Interest>
	<Limit_for_Next_Day>4191356</Limit_for_Next_Day>
</MWPL>
<MWPL>
	<Date>16-DEC-2025</Date>
	<ISIN>INE180A01020</ISIN>
	<Scrip_Name>MAX FINANCIAL SERV LTD</Scrip_Name>
	<NSE_Symbol>MFSL</NSE_Symbol>
	<MWPL_Limit>34712157</MWPL_Limit>
	<Open_Interest>10749600</Open_Interest>
	<Future Equivalent Open Interest>8067231.75266</Future Equivalent Open Interest>
	<Limit_for_Next_Day>24909317</Limit_for_Next_Day>
</MWPL>
<MWPL>
	<Date>16-DEC-2025</Date>
	<ISIN>INE775A01035</ISIN>
	<Scrip_Name>SAMVRDHNA MTHRSN INTL LTD</Scrip_Name>
	<NSE_Symbol>MOTHERSON</NSE_Symbol>
	<MWPL_Limit>542522848</MWPL_Limit>
	<Open_Interest>297862950</Open_Interest>
	<Future Equivalent Open Interest>193197051.108835</Future Equivalent Open Interest>
	<Limit_for_Next_Day>322199654</Limit_for_Next_Day>
</MWPL>
<MWPL>
	<Date>16-DEC-2025</Date>
	<ISIN>INE356A01018</ISIN>
	<Scrip_Name>MPHASIS LIMITED</Scrip_Name>
	<NSE_Symbol>MPHASIS</NSE_Symbol>
	<MWPL_Limit>14652855</MWPL_Limit>
	<Open_Interest>8731800</Open_Interest>
	<Future Equivalent Open Interest>6422543.109019</Future Equivalent Open Interest>
	<Limit_for_Next_Day>7497669</Limit_for_Next_Day>
</MWPL>
<MWPL>
	<Date>16-DEC-2025</Date>
	<ISIN>INE414G01012</ISIN>
	<Scrip_Name>MUTHOOT FINANCE LIMITED</Scrip_Name>
	<NSE_Symbol>MUTHOOTFIN</NSE_Symbol>
	<MWPL_Limit>16050690</MWPL_Limit>
	<Open_Interest>8115250</Open_Interest>
	<Future Equivalent Open Interest>3420669.864627</Future Equivalent Open Interest>
	<Limit_for_Next_Day>11827485</Limit_for_Next_Day>
</MWPL>
<MWPL>
	<Date>16-DEC-2025</Date>
	<ISIN>INE139A01034</ISIN>
	<Scrip_Name>NATIONAL ALUMINIUM CO LTD</Scrip_Name>
	<NSE_Symbol>NATIONALUM</NSE_Symbol>
	<MWPL_Limit>134225816</MWPL_Limit>
	<Open_Interest>119587500</Open_Interest>
	<Future Equivalent Open Interest>61667420.28255</Future Equivalent Open Interest>
	<Limit_for_Next_Day>65847104</Limit_for_Next_Day>
</MWPL>
<MWPL>
	<Date>16-DEC-2025</Date>
	<ISIN>INE663F01032</ISIN>
	<Scrip_Name>INFO EDGE (I) LTD</Scrip_Name>
	<NSE_Symbol>NAUKRI</NSE_Symbol>
	<MWPL_Limit>60530911</MWPL_Limit>
	<Open_Interest>13423875</Open_Interest>
	<Future Equivalent Open Interest>8228597.56572125</Future Equivalent Open Interest>
	<Limit_for_Next_Day>49275767</Limit_for_Next_Day>
</MWPL>
<MWPL>
	<Date>16-DEC-2025</Date>
	<ISIN>INE095N01031</ISIN>
	<Scrip_Name>NBCC (INDIA) LIMITED</Scrip_Name>
	<NSE_Symbol>NBCC</NSE_Symbol>
	<MWPL_Limit>154894704</MWPL_Limit>
	<Open_Interest>156162500</Open_Interest>
	<Future Equivalent Open Interest>89914416.823155</Future Equivalent Open Interest>
	<Limit_for_Next_Day>57235551</Limit_for_Next_Day>
</MWPL>
<MWPL>
	<Date>16-DEC-2025</Date>
	<ISIN>INE868B01028</ISIN>
	<Scrip_Name>NCC LIMITED</Scrip_Name>
	<NSE_Symbol>NCC</NSE_Symbol>
	<MWPL_Limit>72342848</MWPL_Limit>
	<Open_Interest>56897100</Open_Interest>
	<Future Equivalent Open Interest>24106601.735636</Future Equivalent Open Interest>
	<Limit_for_Next_Day>44619103</Limit_for_Next_Day>
</MWPL>
<MWPL>
	<Date>16-DEC-2025</Date>
	<ISIN>INE239A01024</ISIN>
	<Scrip_Name>NESTLE INDIA LIMITED</Scrip_Name>
	<NSE_Symbol>NESTLEIND</NSE_Symbol>
	<MWPL_Limit>71801274</MWPL_Limit>
	<Open_Interest>25682500</Open_Interest>
	<Future Equivalent Open Interest>16822399.448145</Future Equivalent Open Interest>
	<Limit_for_Next_Day>51388810</Limit_for_Next_Day>
</MWPL>
<MWPL>
	<Date>16-DEC-2025</Date>
	<ISIN>INE848E01016</ISIN>
	<Scrip_Name>NHPC LTD</Scrip_Name>
	<NSE_Symbol>NHPC</NSE_Symbol>
	<MWPL_Limit>398201603</MWPL_Limit>
	<Open_Interest>142201600</Open_Interest>
	<Future Equivalent Open Interest>74999956.381248</Future Equivalent Open Interest>
	<Limit_for_Next_Day>303291566</Limit_for_Next_Day>
</MWPL>
<MWPL>
	<Date>16-DEC-2025</Date>
	<ISIN>INE584A01023</ISIN>
	<Scrip_Name>NMDC LTD.</Scrip_Name>
	<NSE_Symbol>NMDC</NSE_Symbol>
	<MWPL_Limit>517037525</MWPL_Limit>
	<Open_Interest>506297250</Open_Interest>
	<Future Equivalent Open Interest>335197260.0597375</Future Equivalent Open Interest>
	<Limit_for_Next_Day>155988388</Limit_for_Next_Day>
</MWPL>
<MWPL>
	<Date>16-DEC-2025</Date>
	<ISIN>INE733E01010</ISIN>
	<Scrip_Name>NTPC LTD</Scrip_Name>
	<NSE_Symbol>NTPC</NSE_Symbol>
	<MWPL_Limit>572782298</MWPL_Limit>
	<Open_Interest>148848000</Open_Interest>
	<Future Equivalent Open Interest>95831330.169205</Future Equivalent Open Interest>
	<Limit_for_Next_Day>448311852</Limit_for_Next_Day>
</MWPL>
<MWPL>
	<Date>16-DEC-2025</Date>
	<ISIN>INE531F01015</ISIN>
	<Scrip_Name>NUVAMA WEALTH MANAGE LTD</Scrip_Name>
	<NSE_Symbol>NUVAMA</NSE_Symbol>
	<MWPL_Limit>2444664</MWPL_Limit>
	<Open_Interest>842525</Open_Interest>
	<Future Equivalent Open Interest>404600.825845</Future Equivalent Open Interest>
	<Limit_for_Next_Day>1917829</Limit_for_Next_Day>
</MWPL>
<MWPL>
	<Date>16-DEC-2025</Date>
	<ISIN>INE388Y01029</ISIN>
	<Scrip_Name>FSN E COMMERCE VENTURES</Scrip_Name>
	<NSE_Symbol>NYKAA</NSE_Symbol>
	<MWPL_Limit>205324177</MWPL_Limit>
	<Open_Interest>88065625</Open_Interest>
	<Future Equivalent Open Interest>56256928.97565625</Future Equivalent Open Interest>
	<Limit_for_Next_Day>138801039</Limit_for_Next_Day>
</MWPL>
<MWPL>
	<Date>16-DEC-2025</Date>
	<ISIN>INE093I01010</ISIN>
	<Scrip_Name>OBEROI REALTY LIMITED</Scrip_Name>
	<NSE_Symbol>OBEROIRLTY</NSE_Symbol>
	<MWPL_Limit>17614093</MWPL_Limit>
	<Open_Interest>8111950</Open_Interest>
	<Future Equivalent Open Interest>4661321.7275425</Future Equivalent Open Interest>
	<Limit_for_Next_Day>12072066</Limit_for_Next_Day>
</MWPL>
<MWPL>
	<Date>16-DEC-2025</Date>
	<ISIN>INE881D01027</ISIN>
	<Scrip_Name>ORACLE FIN SERV SOFT LTD.</Scrip_Name>
	<NSE_Symbol>OFSS</NSE_Symbol>
	<MWPL_Limit>3401732</MWPL_Limit>
	<Open_Interest>2710650</Open_Interest>
	<Future Equivalent Open Interest>1448997.86467075</Future Equivalent Open Interest>
	<Limit_for_Next_Day>1782647</Limit_for_Next_Day>
</MWPL>
<MWPL>
	<Date>16-DEC-2025</Date>
	<ISIN>INE274J01014</ISIN>
	<Scrip_Name>OIL INDIA LTD</Scrip_Name>
	<NSE_Symbol>OIL</NSE_Symbol>
	<MWPL_Limit>94123587</MWPL_Limit>
	<Open_Interest>21478800</Open_Interest>
	<Future Equivalent Open Interest>11542205.066182</Future Equivalent Open Interest>
	<Limit_for_Next_Day>77875202</Limit_for_Next_Day>
</MWPL>
<MWPL>
	<Date>16-DEC-2025</Date>
	<ISIN>INE213A01029</ISIN>
	<Scrip_Name>OIL AND NATURAL GAS CORP.</Scrip_Name>
	<NSE_Symbol>ONGC</NSE_Symbol>
	<MWPL_Limit>517141211</MWPL_Limit>
	<Open_Interest>187094250</Open_Interest>
	<Future Equivalent Open Interest>106990138.9937425</Future Equivalent Open Interest>
	<Limit_for_Next_Day>384294011</Limit_for_Next_Day>
</MWPL>
<MWPL>
	<Date>16-DEC-2025</Date>
	<ISIN>INE761H01022</ISIN>
	<Scrip_Name>PAGE INDUSTRIES LTD</Scrip_Name>
	<NSE_Symbol>PAGEIND</NSE_Symbol>
	<MWPL_Limit>955549</MWPL_Limit>
	<Open_Interest>436785</Open_Interest>
	<Future Equivalent Open Interest>253463.65349395</Future Equivalent Open Interest>
	<Limit_for_Next_Day>654307</Limit_for_Next_Day>
</MWPL>
<MWPL>
	<Date>16-DEC-2025</Date>
	<ISIN>INE619A01035</ISIN>
	<Scrip_Name>PATANJALI FOODS LIMITED</Scrip_Name>
	<NSE_Symbol>PATANJALI</NSE_Symbol>
	<MWPL_Limit>50840137</MWPL_Limit>
	<Open_Interest>47429100</Open_Interest>
	<Future Equivalent Open Interest>35986296.932849</Future Equivalent Open Interest>
	<Limit_for_Next_Day>12311833</Limit_for_Next_Day>
</MWPL>
<MWPL>
	<Date>16-DEC-2025</Date>
	<ISIN>INE982J01020</ISIN>
	<Scrip_Name>ONE 97 COMMUNICATIONS LTD</Scrip_Name>
	<NSE_Symbol>PAYTM</NSE_Symbol>
	<MWPL_Limit>95715382</MWPL_Limit>
	<Open_Interest>34075725</Open_Interest>
	<Future Equivalent Open Interest>18850191.28406125</Future Equivalent Open Interest>
	<Limit_for_Next_Day>72079421</Limit_for_Next_Day>
</MWPL>
<MWPL>
	<Date>16-DEC-2025</Date>
	<ISIN>INE262H01021</ISIN>
	<Scrip_Name>PERSISTENT SYSTEMS LTD</Scrip_Name>
	<NSE_Symbol>PERSISTENT</NSE_Symbol>
	<MWPL_Limit>16151851</MWPL_Limit>
	<Open_Interest>3934300</Open_Interest>
	<Future Equivalent Open Interest>2272950.665944</Future Equivalent Open Interest>
	<Limit_for_Next_Day>13071307</Limit_for_Next_Day>
</MWPL>
<MWPL>
	<Date>16-DEC-2025</Date>
	<ISIN>INE347G01014</ISIN>
	<Scrip_Name>PETRONET LNG LIMITED</Scrip_Name>
	<NSE_Symbol>PETRONET</NSE_Symbol>
	<MWPL_Limit>93668136</MWPL_Limit>
	<Open_Interest>82902000</Open_Interest>
	<Future Equivalent Open Interest>47617808.41012</Future Equivalent Open Interest>
	<Limit_for_Next_Day>41366920</Limit_for_Next_Day>
</MWPL>
<MWPL>
	<Date>16-DEC-2025</Date>
	<ISIN>INE134E01011</ISIN>
	<Scrip_Name>POWER FIN CORP LTD.</Scrip_Name>
	<NSE_Symbol>PFC</NSE_Symbol>
	<MWPL_Limit>203602113</MWPL_Limit>
	<Open_Interest>167111100</Open_Interest>
	<Future Equivalent Open Interest>86583410.590582</Future Equivalent Open Interest>
	<Limit_for_Next_Day>106838596</Limit_for_Next_Day>
</MWPL>
<MWPL>
	<Date>16-DEC-2025</Date>
	<ISIN>INE457L01029</ISIN>
	<Scrip_Name>PG ELECTROPLAST LTD</Scrip_Name>
	<NSE_Symbol>PGEL</NSE_Symbol>
	<MWPL_Limit>23897684</MWPL_Limit>
	<Open_Interest>24331000</Open_Interest>
	<Future Equivalent Open Interest>10584219.505655</Future Equivalent Open Interest>
	<Limit_for_Next_Day>12118580</Limit_for_Next_Day>
</MWPL>
<MWPL>
	<Date>16-DEC-2025</Date>
	<ISIN>INE211B01039</ISIN>
	<Scrip_Name>THE PHOENIX MILLS LTD</Scrip_Name>
	<NSE_Symbol>PHOENIXLTD</NSE_Symbol>
	<MWPL_Limit>28283155</MWPL_Limit>
	<Open_Interest>5286050</Open_Interest>
	<Future Equivalent Open Interest>3327663.20088</Future Equivalent Open Interest>
	<Limit_for_Next_Day>23541334</Limit_for_Next_Day>
</MWPL>
<MWPL>
	<Date>16-DEC-2025</Date>
	<ISIN>INE318A01026</ISIN>
	<Scrip_Name>PIDILITE INDUSTRIES LTD</Scrip_Name>
	<NSE_Symbol>PIDILITIND</NSE_Symbol>
	<MWPL_Limit>31170515</MWPL_Limit>
	<Open_Interest>9452500</Open_Interest>
	<Future Equivalent Open Interest>7047800.14284</Future Equivalent Open Interest>
	<Limit_for_Next_Day>22564189</Limit_for_Next_Day>
</MWPL>
<MWPL>
	<Date>16-DEC-2025</Date>
	<ISIN>INE603J01030</ISIN>
	<Scrip_Name>PI INDUSTRIES LTD</Scrip_Name>
	<NSE_Symbol>PIIND</NSE_Symbol>
	<MWPL_Limit>8178275</MWPL_Limit>
	<Open_Interest>4474400</Open_Interest>
	<Future Equivalent Open Interest>2592315.255649</Future Equivalent Open Interest>
	<Limit_for_Next_Day>5177045</Limit_for_Next_Day>
</MWPL>
<MWPL>
	<Date>16-DEC-2025</Date>
	<ISIN>INE160A01022</ISIN>
	<Scrip_Name>PUNJAB NATIONAL BANK</Scrip_Name>
	<NSE_Symbol>PNB</NSE_Symbol>
	<MWPL_Limit>447910372</MWPL_Limit>
	<Open_Interest>533872000</Open_Interest>
	<Future Equivalent Open Interest>258872083.69584</Future Equivalent Open Interest>
	<Limit_for_Next_Day>166642769</Limit_for_Next_Day>
</MWPL>
<MWPL>
	<Date>16-DEC-2025</Date>
	<ISIN>INE572E01012</ISIN>
	<Scrip_Name>PNB HOUSING FIN LTD.</Scrip_Name>
	<NSE_Symbol>PNBHOUSING</NSE_Symbol>
	<MWPL_Limit>28062406</MWPL_Limit>
	<Open_Interest>29071250</Open_Interest>
	<Future Equivalent Open Interest>16560095.679397</Future Equivalent Open Interest>
	<Limit_for_Next_Day>10099190</Limit_for_Next_Day>
</MWPL>
<MWPL>
	<Date>16-DEC-2025</Date>
	<ISIN>INE417T01026</ISIN>
	<Scrip_Name>PB FINTECH LIMITED</Scrip_Name>
	<NSE_Symbol>POLICYBZR</NSE_Symbol>
	<MWPL_Limit>51720057</MWPL_Limit>
	<Open_Interest>12281850</Open_Interest>
	<Future Equivalent Open Interest>6928838.207081</Future Equivalent Open Interest>
	<Limit_for_Next_Day>42205215</Limit_for_Next_Day>
</MWPL>
<MWPL>
	<Date>16-DEC-2025</Date>
	<ISIN>INE455K01017</ISIN>
	<Scrip_Name>POLYCAB INDIA LIMITED</Scrip_Name>
	<NSE_Symbol>POLYCAB</NSE_Symbol>
	<MWPL_Limit>8350688</MWPL_Limit>
	<Open_Interest>3184375</Open_Interest>
	<Future Equivalent Open Interest>1959034.34365125</Future Equivalent Open Interest>
	<Limit_for_Next_Day>5974119</Limit_for_Next_Day>
</MWPL>
<MWPL>
	<Date>16-DEC-2025</Date>
	<ISIN>INE752E01010</ISIN>
	<Scrip_Name>POWER GRID CORP. LTD.</Scrip_Name>
	<NSE_Symbol>POWERGRID</NSE_Symbol>
	<MWPL_Limit>488832949</MWPL_Limit>
	<Open_Interest>137744300</Open_Interest>
	<Future Equivalent Open Interest>81110088.647886</Future Equivalent Open Interest>
	<Limit_for_Next_Day>383281212</Limit_for_Next_Day>
</MWPL>
<MWPL>
	<Date>16-DEC-2025</Date>
	<ISIN>INE07Y701011</ISIN>
	<Scrip_Name>HITACHI ENERGY INDIA LTD</Scrip_Name>
	<NSE_Symbol>POWERINDIA</NSE_Symbol>
	<MWPL_Limit>1917916</MWPL_Limit>
	<Open_Interest>1035400</Open_Interest>
	<Future Equivalent Open Interest>310585.6164195</Future Equivalent Open Interest>
	<Limit_for_Next_Day>1511434</Limit_for_Next_Day>
</MWPL>
<MWPL>
	<Date>16-DEC-2025</Date>
	<ISIN>INE0DK501011</ISIN>
	<Scrip_Name>PIRAMAL PHARMA LIMITED</Scrip_Name>
	<NSE_Symbol>PPLPHARMA</NSE_Symbol>
	<MWPL_Limit>120138597</MWPL_Limit>
	<Open_Interest>54258875</Open_Interest>
	<Future Equivalent Open Interest>27187033.36176625</Future Equivalent Open Interest>
	<Limit_for_Next_Day>86944633</Limit_for_Next_Day>
</MWPL>
<MWPL>
	<Date>16-DEC-2025</Date>
	<ISIN>INE811K01011</ISIN>
	<Scrip_Name>PRESTIGE ESTATE LTD</Scrip_Name>
	<NSE_Symbol>PRESTIGE</NSE_Symbol>
	<MWPL_Limit>25234534</MWPL_Limit>
	<Open_Interest>7362000</Open_Interest>
	<Future Equivalent Open Interest>4248425.1029685</Future Equivalent Open Interest>
	<Limit_for_Next_Day>19724382</Limit_for_Next_Day>
</MWPL>
<MWPL>
	<Date>16-DEC-2025</Date>
	<ISIN>INE976G01028</ISIN>
	<Scrip_Name>RBL BANK LIMITED</Scrip_Name>
	<NSE_Symbol>RBLBANK</NSE_Symbol>
	<MWPL_Limit>91351468</MWPL_Limit>
	<Open_Interest>116582825</Open_Interest>
	<Future Equivalent Open Interest>78133750.18493925</Future Equivalent Open Interest>
	<Limit_for_Next_Day>8650144</Limit_for_Next_Day>
</MWPL>
<MWPL>
	<Date>16-DEC-2025</Date>
	<ISIN>INE020B01018</ISIN>
	<Scrip_Name>REC LIMITED</Scrip_Name>
	<NSE_Symbol>RECLTD</NSE_Symbol>
	<MWPL_Limit>187084550</MWPL_Limit>
	<Open_Interest>182164100</Open_Interest>
	<Future Equivalent Open Interest>101824577.72364025</Future Equivalent Open Interest>
	<Limit_for_Next_Day>75905744</Limit_for_Next_Day>
</MWPL>
<MWPL>
	<Date>16-DEC-2025</Date>
	<ISIN>INE002A01018</ISIN>
	<Scrip_Name>RELIANCE INDUSTRIES LTD</Scrip_Name>
	<NSE_Symbol>RELIANCE</NSE_Symbol>
	<MWPL_Limit>662701060</MWPL_Limit>
	<Open_Interest>178033500</Open_Interest>
	<Future Equivalent Open Interest>106286326.043245</Future Equivalent Open Interest>
	<Limit_for_Next_Day>523279680</Limit_for_Next_Day>
</MWPL>
<MWPL>
	<Date>16-DEC-2025</Date>
	<ISIN>INE415G01027</ISIN>
	<Scrip_Name>RAIL VIKAS NIGAM LIMITED</Scrip_Name>
	<NSE_Symbol>RVNL</NSE_Symbol>
	<MWPL_Limit>84941460</MWPL_Limit>
	<Open_Interest>77423775</Open_Interest>
	<Future Equivalent Open Interest>40906192.05996625</Future Equivalent Open Interest>
	<Limit_for_Next_Day>39788194</Limit_for_Next_Day>
</MWPL>
<MWPL>
	<Date>16-DEC-2025</Date>
	<ISIN>INE114A01011</ISIN>
	<Scrip_Name>STEEL AUTHORITY OF INDIA</Scrip_Name>
	<NSE_Symbol>SAIL</NSE_Symbol>
	<MWPL_Limit>216861410</MWPL_Limit>
	<Open_Interest>260690200</Open_Interest>
	<Future Equivalent Open Interest>177157722.349596</Future Equivalent Open Interest>
	<Limit_for_Next_Day>28860617</Limit_for_Next_Day>
</MWPL>
<MWPL>
	<Date>16-DEC-2025</Date>
	<ISIN>INE148I01020</ISIN>
	<Scrip_Name>SAMMAAN CAPITAL LIMITED</Scrip_Name>
	<NSE_Symbol>SAMMAANCAP</NSE_Symbol>
	<MWPL_Limit>122326971</MWPL_Limit>
	<Open_Interest>189049500</Open_Interest>
	<Future Equivalent Open Interest>108300699.055946</Future Equivalent Open Interest>
	<Limit_for_Next_Day>7909923</Limit_for_Next_Day>
</MWPL>
<MWPL>
	<Date>16-DEC-2025</Date>
	<ISIN>INE018E01016</ISIN>
	<Scrip_Name>SBI CARDS & PAY SER LTD</Scrip_Name>
	<NSE_Symbol>SBICARD</NSE_Symbol>
	<MWPL_Limit>39583537</MWPL_Limit>
	<Open_Interest>27088000</Open_Interest>
	<Future Equivalent Open Interest>15857777.884488</Future Equivalent Open Interest>
	<Limit_for_Next_Day>21746582</Limit_for_Next_Day>
</MWPL>
<MWPL>
	<Date>16-DEC-2025</Date>
	<ISIN>INE123W01016</ISIN>
	<Scrip_Name>SBI LIFE INSURANCE CO LTD</Scrip_Name>
	<NSE_Symbol>SBILIFE</NSE_Symbol>
	<MWPL_Limit>44735132</MWPL_Limit>
	<Open_Interest>15084375</Open_Interest>
	<Future Equivalent Open Interest>8853348.85313375</Future Equivalent Open Interest>
	<Limit_for_Next_Day>33645026</Limit_for_Next_Day>
</MWPL>
<MWPL>
	<Date>16-DEC-2025</Date>
	<ISIN>INE062A01020</ISIN>
	<Scrip_Name>STATE BANK OF INDIA</Scrip_Name>
	<NSE_Symbol>SBIN</NSE_Symbol>
	<MWPL_Limit>407307212</MWPL_Limit>
	<Open_Interest>161268750</Open_Interest>
	<Future Equivalent Open Interest>80237711.6810275</Future Equivalent Open Interest>
	<Limit_for_Next_Day>306704139</Limit_for_Next_Day>
</MWPL>
<MWPL>
	<Date>16-DEC-2025</Date>
	<ISIN>INE070A01015</ISIN>
	<Scrip_Name>SHREE CEMENT LIMITED</Scrip_Name>
	<NSE_Symbol>SHREECEM</NSE_Symbol>
	<MWPL_Limit>1548028</MWPL_Limit>
	<Open_Interest>532150</Open_Interest>
	<Future Equivalent Open Interest>327249.7644285</Future Equivalent Open Interest>
	<Limit_for_Next_Day>1143376</Limit_for_Next_Day>
</MWPL>
<MWPL>
	<Date>16-DEC-2025</Date>
	<ISIN>INE721A01047</ISIN>
	<Scrip_Name>SHRIRAM FINANCE LIMITED</Scrip_Name>
	<NSE_Symbol>SHRIRAMFIN</NSE_Symbol>
	<MWPL_Limit>210459276</MWPL_Limit>
	<Open_Interest>96786525</Open_Interest>
	<Future Equivalent Open Interest>67761886.03496075</Future Equivalent Open Interest>
	<Limit_for_Next_Day>132174426</Limit_for_Next_Day>
</MWPL>
<MWPL>
	<Date>16-DEC-2025</Date>
	<ISIN>INE003A01024</ISIN>
	<Scrip_Name>SIEMENS LTD</Scrip_Name>
	<NSE_Symbol>SIEMENS</NSE_Symbol>
	<MWPL_Limit>13354588</MWPL_Limit>
	<Open_Interest>6635125</Open_Interest>
	<Future Equivalent Open Interest>3246318.87404</Future Equivalent Open Interest>
	<Limit_for_Next_Day>9440539</Limit_for_Next_Day>
</MWPL>
<MWPL>
	<Date>16-DEC-2025</Date>
	<ISIN>INE343H01029</ISIN>
	<Scrip_Name>SOLAR INDUSTRIES (I) LTD</Scrip_Name>
	<NSE_Symbol>SOLARINDS</NSE_Symbol>
	<MWPL_Limit>3644817</MWPL_Limit>
	<Open_Interest>2108200</Open_Interest>
	<Future Equivalent Open Interest>1030917.07241275</Future Equivalent Open Interest>
	<Limit_for_Next_Day>2431659</Limit_for_Next_Day>
</MWPL>
<MWPL>
	<Date>16-DEC-2025</Date>
	<ISIN>INE073K01018</ISIN>
	<Scrip_Name>SONA BLW PRECISION FRGS L</Scrip_Name>
	<NSE_Symbol>SONACOMS</NSE_Symbol>
	<MWPL_Limit>67126548</MWPL_Limit>
	<Open_Interest>22975750</Open_Interest>
	<Future Equivalent Open Interest>14239302.62934375</Future Equivalent Open Interest>
	<Limit_for_Next_Day>49530917</Limit_for_Next_Day>
</MWPL>
<MWPL>
	<Date>16-DEC-2025</Date>
	<ISIN>INE647A01010</ISIN>
	<Scrip_Name>SRF LTD</Scrip_Name>
	<NSE_Symbol>SRF</NSE_Symbol>
	<MWPL_Limit>21205300</MWPL_Limit>
	<Open_Interest>6900600</Open_Interest>
	<Future Equivalent Open Interest>3694304.750314</Future Equivalent Open Interest>
	<Limit_for_Next_Day>16450730</Limit_for_Next_Day>
</MWPL>
<MWPL>
	<Date>16-DEC-2025</Date>
	<ISIN>INE044A01036</ISIN>
	<Scrip_Name>SUN PHARMACEUTICAL IND L</Scrip_Name>
	<NSE_Symbol>SUNPHARMA</NSE_Symbol>
	<MWPL_Limit>109220043</MWPL_Limit>
	<Open_Interest>24172050</Open_Interest>
	<Future Equivalent Open Interest>15888073.6796675</Future Equivalent Open Interest>
	<Limit_for_Next_Day>87870967</Limit_for_Next_Day>
</MWPL>
<MWPL>
	<Date>16-DEC-2025</Date>
	<ISIN>INE195A01028</ISIN>
	<Scrip_Name>SUPREME INDUSTRIES LTD</Scrip_Name>
	<NSE_Symbol>SUPREMEIND</NSE_Symbol>
	<MWPL_Limit>7242074</MWPL_Limit>
	<Open_Interest>4513075</Open_Interest>
	<Future Equivalent Open Interest>2262489.92450925</Future Equivalent Open Interest>
	<Limit_for_Next_Day>4617480</Limit_for_Next_Day>
</MWPL>
<MWPL>
	<Date>16-DEC-2025</Date>
	<ISIN>INE040H01021</ISIN>
	<Scrip_Name>SUZLON ENERGY LIMITED</Scrip_Name>
	<NSE_Symbol>SUZLON</NSE_Symbol>
	<MWPL_Limit>1813533848</MWPL_Limit>
	<Open_Interest>577934000</Open_Interest>
	<Future Equivalent Open Interest>291515832.7625155</Future Equivalent Open Interest>
	<Limit_for_Next_Day>1431341322</Limit_for_Next_Day>
</MWPL>
<MWPL>
	<Date>16-DEC-2025</Date>
	<ISIN>INE398R01022</ISIN>
	<Scrip_Name>SYNGENE INTERNATIONAL LTD</Scrip_Name>
	<NSE_Symbol>SYNGENE</NSE_Symbol>
	<MWPL_Limit>28408333</MWPL_Limit>
	<Open_Interest>13095000</Open_Interest>
	<Future Equivalent Open Interest>8621899.79756</Future Equivalent Open Interest>
	<Limit_for_Next_Day>18366016</Limit_for_Next_Day>
</MWPL>
<MWPL>
	<Date>16-DEC-2025</Date>
	<ISIN>INE192A01025</ISIN>
	<Scrip_Name>TATA CONSUMER PRODUCT LTD</Scrip_Name>
	<NSE_Symbol>TATACONSUM</NSE_Symbol>
	<MWPL_Limit>65471528</MWPL_Limit>
	<Open_Interest>20952800</Open_Interest>
	<Future Equivalent Open Interest>12544952.1652635</Future Equivalent Open Interest>
	<Limit_for_Next_Day>49652999</Limit_for_Next_Day>
</MWPL>
<MWPL>
	<Date>16-DEC-2025</Date>
	<ISIN>INE670A01012</ISIN>
	<Scrip_Name>TATA ELXSI LIMITED</Scrip_Name>
	<NSE_Symbol>TATAELXSI</NSE_Symbol>
	<MWPL_Limit>4309631</MWPL_Limit>
	<Open_Interest>4037300</Open_Interest>
	<Future Equivalent Open Interest>1896640.735153</Future Equivalent Open Interest>
	<Limit_for_Next_Day>2197508</Limit_for_Next_Day>
</MWPL>
<MWPL>
	<Date>16-DEC-2025</Date>
	<ISIN>INE245A01021</ISIN>
	<Scrip_Name>TATA POWER CO LTD</Scrip_Name>
	<NSE_Symbol>TATAPOWER</NSE_Symbol>
	<MWPL_Limit>169808198</MWPL_Limit>
	<Open_Interest>126277600</Open_Interest>
	<Future Equivalent Open Interest>59077479.0660925</Future Equivalent Open Interest>
	<Limit_for_Next_Day>102240309</Limit_for_Next_Day>
</MWPL>
<MWPL>
	<Date>16-DEC-2025</Date>
	<ISIN>INE081A01020</ISIN>
	<Scrip_Name>TATA STEEL LIMITED</Scrip_Name>
	<NSE_Symbol>TATASTEEL</NSE_Symbol>
	<MWPL_Limit>833987639</MWPL_Limit>
	<Open_Interest>508046000</Open_Interest>
	<Future Equivalent Open Interest>273589116.366495</Future Equivalent Open Interest>
	<Limit_for_Next_Day>518699140</Limit_for_Next_Day>
</MWPL>
<MWPL>
	<Date>16-DEC-2025</Date>
	<ISIN>INE142M01025</ISIN>
	<Scrip_Name>TATA TECHNOLOGIES LIMITED</Scrip_Name>
	<NSE_Symbol>TATATECH</NSE_Symbol>
	<MWPL_Limit>27246569</MWPL_Limit>
	<Open_Interest>22600800</Open_Interest>
	<Future Equivalent Open Interest>11879387.113048</Future Equivalent Open Interest>
	<Limit_for_Next_Day>14004853</Limit_for_Next_Day>
</MWPL>
<MWPL>
	<Date>16-DEC-2025</Date>
	<ISIN>INE467B01029</ISIN>
	<Scrip_Name>TATA CONSULTANCY SERV LT</Scrip_Name>
	<NSE_Symbol>TCS</NSE_Symbol>
	<MWPL_Limit>123298271</MWPL_Limit>
	<Open_Interest>42940450</Open_Interest>
	<Future Equivalent Open Interest>25369086.3718155</Future Equivalent Open Interest>
	<Limit_for_Next_Day>91764271</Limit_for_Next_Day>
</MWPL>
<MWPL>
	<Date>16-DEC-2025</Date>
	<ISIN>INE669C01036</ISIN>
	<Scrip_Name>TECH MAHINDRA LIMITED</Scrip_Name>
	<NSE_Symbol>TECHM</NSE_Symbol>
	<MWPL_Limit>76137451</MWPL_Limit>
	<Open_Interest>32589000</Open_Interest>
	<Future Equivalent Open Interest>22452243.621798</Future Equivalent Open Interest>
	<Limit_for_Next_Day>49878334</Limit_for_Next_Day>
</MWPL>
<MWPL>
	<Date>16-DEC-2025</Date>
	<ISIN>INE974X01010</ISIN>
	<Scrip_Name>TUBE INVEST OF INDIA LTD</Scrip_Name>
	<NSE_Symbol>TIINDIA</NSE_Symbol>
	<MWPL_Limit>14039249</MWPL_Limit>
	<Open_Interest>5680000</Open_Interest>
	<Future Equivalent Open Interest>3283047.36097</Future Equivalent Open Interest>
	<Limit_for_Next_Day>10054239</Limit_for_Next_Day>
</MWPL>
<MWPL>
	<Date>16-DEC-2025</Date>
	<ISIN>INE615H01020</ISIN>
	<Scrip_Name>TITAGARH RAIL SYSTEMS LTD</Scrip_Name>
	<NSE_Symbol>TITAGARH</NSE_Symbol>
	<MWPL_Limit>12028036</MWPL_Limit>
	<Open_Interest>11110625</Open_Interest>
	<Future Equivalent Open Interest>5983265.15574525</Future Equivalent Open Interest>
	<Limit_for_Next_Day>5443369</Limit_for_Next_Day>
</MWPL>
<MWPL>
	<Date>16-DEC-2025</Date>
	<ISIN>INE280A01028</ISIN>
	<Scrip_Name>TITAN COMPANY LIMITED</Scrip_Name>
	<NSE_Symbol>TITAN</NSE_Symbol>
	<MWPL_Limit>41744334</MWPL_Limit>
	<Open_Interest>15678600</Open_Interest>
	<Future Equivalent Open Interest>10056441.73217925</Future Equivalent Open Interest>
	<Limit_for_Next_Day>29600675</Limit_for_Next_Day>
</MWPL>
<MWPL>
	<Date>16-DEC-2025</Date>
	<ISIN>INE155A01022</ISIN>
	<Scrip_Name>TATA MOTORS PASS VEH LTD</Scrip_Name>
	<NSE_Symbol>TMPV</NSE_Symbol>
	<MWPL_Limit>284575867</MWPL_Limit>
	<Open_Interest>205541600</Open_Interest>
	<Future Equivalent Open Interest>91503801.365264</Future Equivalent Open Interest>
	<Limit_for_Next_Day>178843272</Limit_for_Next_Day>
</MWPL>
<MWPL>
	<Date>16-DEC-2025</Date>
	<ISIN>INE685A01028</ISIN>
	<Scrip_Name>TORRENT PHARMACEUTICALS L</Scrip_Name>
	<NSE_Symbol>TORNTPHARM</NSE_Symbol>
	<MWPL_Limit>16072672</MWPL_Limit>
	<Open_Interest>3411750</Open_Interest>
	<Future Equivalent Open Interest>2458335.646675</Future Equivalent Open Interest>
	<Limit_for_Next_Day>12810702</Limit_for_Next_Day>
</MWPL>
<MWPL>
	<Date>16-DEC-2025</Date>
	<ISIN>INE813H01021</ISIN>
	<Scrip_Name>TORRENT POWER LTD</Scrip_Name>
	<NSE_Symbol>TORNTPOWER</NSE_Symbol>
	<MWPL_Limit>24646022</MWPL_Limit>
	<Open_Interest>4805250</Open_Interest>
	<Future Equivalent Open Interest>2805562.95153175</Future Equivalent Open Interest>
	<Limit_for_Next_Day>20608157</Limit_for_Next_Day>
</MWPL>
<MWPL>
	<Date>16-DEC-2025</Date>
	<ISIN>INE849A01020</ISIN>
	<Scrip_Name>TRENT LTD</Scrip_Name>
	<NSE_Symbol>TRENT</NSE_Symbol>
	<MWPL_Limit>33590487</MWPL_Limit>
	<Open_Interest>17173800</Open_Interest>
	<Future Equivalent Open Interest>9360576.859583</Future Equivalent Open Interest>
	<Limit_for_Next_Day>22550385</Limit_for_Next_Day>
</MWPL>
<MWPL>
	<Date>16-DEC-2025</Date>
	<ISIN>INE494B01023</ISIN>
	<Scrip_Name>TVS MOTOR COMPANY  LTD</Scrip_Name>
	<NSE_Symbol>TVSMOTOR</NSE_Symbol>
	<MWPL_Limit>35369445</MWPL_Limit>
	<Open_Interest>11096750</Open_Interest>
	<Future Equivalent Open Interest>7675151.0391955</Future Equivalent Open Interest>
	<Limit_for_Next_Day>25925821</Limit_for_Next_Day>
</MWPL>
<MWPL>
	<Date>16-DEC-2025</Date>
	<ISIN>INE481G01011</ISIN>
	<Scrip_Name>ULTRATECH CEMENT LIMITED</Scrip_Name>
	<NSE_Symbol>ULTRACEMCO</NSE_Symbol>
	<MWPL_Limit>11962066</MWPL_Limit>
	<Open_Interest>4452500</Open_Interest>
	<Future Equivalent Open Interest>2944196.8742125</Future Equivalent Open Interest>
	<Limit_for_Next_Day>8419765</Limit_for_Next_Day>
</MWPL>
<MWPL>
	<Date>16-DEC-2025</Date>
	<ISIN>INE692A01016</ISIN>
	<Scrip_Name>UNION BANK OF INDIA</Scrip_Name>
	<NSE_Symbol>UNIONBANK</NSE_Symbol>
	<MWPL_Limit>289041713</MWPL_Limit>
	<Open_Interest>141502650</Open_Interest>
	<Future Equivalent Open Interest>78246090.12721575</Future Equivalent Open Interest>
	<Limit_for_Next_Day>196343537</Limit_for_Next_Day>
</MWPL>
<MWPL>
	<Date>16-DEC-2025</Date>
	<ISIN>INE854D01024</ISIN>
	<Scrip_Name>UNITED SPIRITS LIMITED</Scrip_Name>
	<NSE_Symbol>UNITDSPR</NSE_Symbol>
	<MWPL_Limit>47269416</MWPL_Limit>
	<Open_Interest>18696800</Open_Interest>
	<Future Equivalent Open Interest>12521742.950956</Future Equivalent Open Interest>
	<Limit_for_Next_Day>32384202</Limit_for_Next_Day>
</MWPL>
<MWPL>
	<Date>16-DEC-2025</Date>
	<ISIN>INE405E01023</ISIN>
	<Scrip_Name>UNO MINDA LIMITED</Scrip_Name>
	<NSE_Symbol>UNOMINDA</NSE_Symbol>
	<MWPL_Limit>22813802</MWPL_Limit>
	<Open_Interest>8734000</Open_Interest>
	<Future Equivalent Open Interest>4518115.605428</Future Equivalent Open Interest>
	<Limit_for_Next_Day>17154996</Limit_for_Next_Day>
</MWPL>
<MWPL>
	<Date>16-DEC-2025</Date>
	<ISIN>INE628A01036</ISIN>
	<Scrip_Name>UPL LIMITED</Scrip_Name>
	<NSE_Symbol>UPL</NSE_Symbol>
	<MWPL_Limit>82588393</MWPL_Limit>
	<Open_Interest>51297590</Open_Interest>
	<Future Equivalent Open Interest>35959707.4252007</Future Equivalent Open Interest>
	<Limit_for_Next_Day>42499265</Limit_for_Next_Day>
</MWPL>
<MWPL>
	<Date>16-DEC-2025</Date>
	<ISIN>INE200M01039</ISIN>
	<Scrip_Name>VARUN BEVERAGES LIMITED</Scrip_Name>
	<NSE_Symbol>VBL</NSE_Symbol>
	<MWPL_Limit>203804339</MWPL_Limit>
	<Open_Interest>82455625</Open_Interest>
	<Future Equivalent Open Interest>48957373.90823925</Future Equivalent Open Interest>
	<Limit_for_Next_Day>144656748</Limit_for_Next_Day>
</MWPL>
<MWPL>
	<Date>16-DEC-2025</Date>
	<ISIN>INE205A01025</ISIN>
	<Scrip_Name>VEDANTA LIMITED</Scrip_Name>
	<NSE_Symbol>VEDL</NSE_Symbol>
	<MWPL_Limit>255091106</MWPL_Limit>
	<Open_Interest>213152500</Open_Interest>
	<Future Equivalent Open Interest>118661052.9130785</Future Equivalent Open Interest>
	<Limit_for_Next_Day>123675497</Limit_for_Next_Day>
</MWPL>
<MWPL>
	<Date>16-DEC-2025</Date>
	<ISIN>INE226A01021</ISIN>
	<Scrip_Name>VOLTAS LTD</Scrip_Name>
	<NSE_Symbol>VOLTAS</NSE_Symbol>
	<MWPL_Limit>34594689</MWPL_Limit>
	<Open_Interest>16930500</Open_Interest>
	<Future Equivalent Open Interest>10576497.35744375</Future Equivalent Open Interest>
	<Limit_for_Next_Day>22288457</Limit_for_Next_Day>
</MWPL>
<MWPL>
	<Date>16-DEC-2025</Date>
	<ISIN>INE075A01022</ISIN>
	<Scrip_Name>WIPRO LTD</Scrip_Name>
	<NSE_Symbol>WIPRO</NSE_Symbol>
	<MWPL_Limit>292948819</MWPL_Limit>
	<Open_Interest>201444000</Open_Interest>
	<Future Equivalent Open Interest>119630610.24371</Future Equivalent Open Interest>
	<Limit_for_Next_Day>158670767</Limit_for_Next_Day>
</MWPL>
<MWPL>
	<Date>16-DEC-2025</Date>
	<ISIN>INE528G01035</ISIN>
	<Scrip_Name>YES BANK LIMITED</Scrip_Name>
	<NSE_Symbol>YESBANK</NSE_Symbol>
	<MWPL_Limit>3136562346</MWPL_Limit>
	<Open_Interest>1854088700</Open_Interest>
	<Future Equivalent Open Interest>1101217666.59999</Future Equivalent Open Interest>
	<Limit_for_Next_Day>1878516562</Limit_for_Next_Day>
</MWPL>
<MWPL>
	<Date>16-DEC-2025</Date>
	<ISIN>INE010B01027</ISIN>
	<Scrip_Name>ZYDUS LIFESCIENCES LTD</Scrip_Name>
	<NSE_Symbol>ZYDUSLIFE</NSE_Symbol>
	<MWPL_Limit>32617803</MWPL_Limit>
	<Open_Interest>19014300</Open_Interest>
	<Future Equivalent Open Interest>11155826.882375</Future Equivalent Open Interest>
	<Limit_for_Next_Day>19831085</Limit_for_Next_Day>
</MWPL>
</MWPL_Viols>
