<?xml version="1.0" encoding="utf-8" ?>
<MWPL_Viols>
<MWPL>
	<Date>16-DEC-2025</Date>
	<ISIN>INE417T01026</ISIN>
	<Scrip_Name>PB FINTECH LIMITED</Scrip_Name>
	<NSE_Symbol>POLICYBZR</NSE_Symbol>
	<MWPL_Limit>51720057</MWPL_Limit>
	<Open_Interest>12031600</Open_Interest>
	<Fut_Eq_Open_Interest>6434190.277081</Fut_Eq_Open_Interest>
	<Limit_for_Next_Day></Limit_for_Next_Day>
</MWPL>
<MWPL>
	<Date>16-DEC-2025</Date>
	<ISIN>INE171A01029</ISIN>
	<Scrip_Name>FEDERAL BANK LTD</Scrip_Name>
	<NSE_Symbol>FEDERALBNK</NSE_Symbol>
	<MWPL_Limit>338654719</MWPL_Limit>
	<Open_Interest>148000000</Open_Interest>
	<Fut_Eq_Open_Interest>68575062.65105</Fut_Eq_Open_Interest>
	<Limit_for_Next_Day></Limit_for_Next_Day>
</MWPL>
<MWPL>
	<Date>16-DEC-2025</Date>
	<ISIN>INE211B01039</ISIN>
	<Scrip_Name>THE PHOENIX MILLS LTD</Scrip_Name>
	<NSE_Symbol>PHOENIXLTD</NSE_Symbol>
	<MWPL_Limit>28283155</MWPL_Limit>
	<Open_Interest>5260150</Open_Interest>
	<Fut_Eq_Open_Interest>2956146.87088</Fut_Eq_Open_Interest>
	<Limit_for_Next_Day></Limit_for_Next_Day>
</MWPL>
<MWPL>
	<Date>16-DEC-2025</Date>
	<ISIN>INE216A01030</ISIN>
	<Scrip_Name>BRITANNIA INDUSTRIES LTD</Scrip_Name>
	<NSE_Symbol>BRITANNIA</NSE_Symbol>
	<MWPL_Limit>13082978</MWPL_Limit>
	<Open_Interest>4615375</Open_Interest>
	<Fut_Eq_Open_Interest>2826343.93522625</Fut_Eq_Open_Interest>
	<Limit_for_Next_Day></Limit_for_Next_Day>
</MWPL>
<MWPL>
	<Date>16-DEC-2025</Date>
	<ISIN>INE758E01017</ISIN>
	<Scrip_Name>JIO FIN SERVICES LTD</Scrip_Name>
	<NSE_Symbol>JIOFIN</NSE_Symbol>
	<MWPL_Limit>446457456</MWPL_Limit>
	<Open_Interest>266151600</Open_Interest>
	<Fut_Eq_Open_Interest>150648802.220549</Fut_Eq_Open_Interest>
	<Limit_for_Next_Day></Limit_for_Next_Day>
</MWPL>
<MWPL>
	<Date>16-DEC-2025</Date>
	<ISIN>INE935A01035</ISIN>
	<Scrip_Name>GLENMARK PHARMACEUTICALS</Scrip_Name>
	<NSE_Symbol>GLENMARK</NSE_Symbol>
	<MWPL_Limit>22585180</MWPL_Limit>
	<Open_Interest>21526500</Open_Interest>
	<Fut_Eq_Open_Interest>12504199.44680625</Fut_Eq_Open_Interest>
	<Limit_for_Next_Day></Limit_for_Next_Day>
</MWPL>
<MWPL>
	<Date>16-DEC-2025</Date>
	<ISIN>INE07Y701011</ISIN>
	<Scrip_Name>HITACHI ENERGY INDIA LTD</Scrip_Name>
	<NSE_Symbol>POWERINDIA</NSE_Symbol>
	<MWPL_Limit>1917916</MWPL_Limit>
	<Open_Interest>996650</Open_Interest>
	<Fut_Eq_Open_Interest>290930.5064195</Fut_Eq_Open_Interest>
	<Limit_for_Next_Day></Limit_for_Next_Day>
</MWPL>
<MWPL>
	<Date>16-DEC-2025</Date>
	<ISIN>INE584A01023</ISIN>
	<Scrip_Name>NMDC LTD.</Scrip_Name>
	<NSE_Symbol>NMDC</NSE_Symbol>
	<MWPL_Limit>517037525</MWPL_Limit>
	<Open_Interest>500411250</Open_Interest>
	<Fut_Eq_Open_Interest>281405164.2897375</Fut_Eq_Open_Interest>
	<Limit_for_Next_Day></Limit_for_Next_Day>
</MWPL>
<MWPL>
	<Date>16-DEC-2025</Date>
	<ISIN>INE195A01028</ISIN>
	<Scrip_Name>SUPREME INDUSTRIES LTD</Scrip_Name>
	<NSE_Symbol>SUPREMEIND</NSE_Symbol>
	<MWPL_Limit>7242074</MWPL_Limit>
	<Open_Interest>4427850</Open_Interest>
	<Fut_Eq_Open_Interest>1977557.41450925</Fut_Eq_Open_Interest>
	<Limit_for_Next_Day></Limit_for_Next_Day>
</MWPL>
<MWPL>
	<Date>16-DEC-2025</Date>
	<ISIN>INE180A01020</ISIN>
	<Scrip_Name>MAX FINANCIAL SERV LTD</Scrip_Name>
	<NSE_Symbol>MFSL</NSE_Symbol>
	<MWPL_Limit>34712157</MWPL_Limit>
	<Open_Interest>10687600</Open_Interest>
	<Fut_Eq_Open_Interest>7901194.27266</Fut_Eq_Open_Interest>
	<Limit_for_Next_Day></Limit_for_Next_Day>
</MWPL>
<MWPL>
	<Date>16-DEC-2025</Date>
	<ISIN>INE136B01020</ISIN>
	<Scrip_Name>CYIENT LIMITED</Scrip_Name>
	<NSE_Symbol>CYIENT</NSE_Symbol>
	<MWPL_Limit>12039544</MWPL_Limit>
	<Open_Interest>5172250</Open_Interest>
	<Fut_Eq_Open_Interest>3091586.7197035</Fut_Eq_Open_Interest>
	<Limit_for_Next_Day></Limit_for_Next_Day>
</MWPL>
<MWPL>
	<Date>16-DEC-2025</Date>
	<ISIN>INE053A01029</ISIN>
	<Scrip_Name>THE INDIAN HOTELS CO. LTD</Scrip_Name>
	<NSE_Symbol>INDHOTEL</NSE_Symbol>
	<MWPL_Limit>111956321</MWPL_Limit>
	<Open_Interest>41651000</Open_Interest>
	<Fut_Eq_Open_Interest>26184563.91916</Fut_Eq_Open_Interest>
	<Limit_for_Next_Day></Limit_for_Next_Day>
</MWPL>
<MWPL>
	<Date>16-DEC-2025</Date>
	<ISIN>INE733E01010</ISIN>
	<Scrip_Name>NTPC LTD</Scrip_Name>
	<NSE_Symbol>NTPC</NSE_Symbol>
	<MWPL_Limit>572782298</MWPL_Limit>
	<Open_Interest>147163500</Open_Interest>
	<Fut_Eq_Open_Interest>91921368.719205</Fut_Eq_Open_Interest>
	<Limit_for_Next_Day></Limit_for_Next_Day>
</MWPL>
<MWPL>
	<Date>16-DEC-2025</Date>
	<ISIN>INE205A01025</ISIN>
	<Scrip_Name>VEDANTA LIMITED</Scrip_Name>
	<NSE_Symbol>VEDL</NSE_Symbol>
	<MWPL_Limit>255091106</MWPL_Limit>
	<Open_Interest>205771800</Open_Interest>
	<Fut_Eq_Open_Interest>109451024.8030785</Fut_Eq_Open_Interest>
	<Limit_for_Next_Day></Limit_for_Next_Day>
</MWPL>
<MWPL>
	<Date>16-DEC-2025</Date>
	<ISIN>INE010B01027</ISIN>
	<Scrip_Name>ZYDUS LIFESCIENCES LTD</Scrip_Name>
	<NSE_Symbol>ZYDUSLIFE</NSE_Symbol>
	<MWPL_Limit>32617803</MWPL_Limit>
	<Open_Interest>18691200</Open_Interest>
	<Fut_Eq_Open_Interest>10599638.682375</Fut_Eq_Open_Interest>
	<Limit_for_Next_Day></Limit_for_Next_Day>
</MWPL>
<MWPL>
	<Date>16-DEC-2025</Date>
	<ISIN>INE860A01027</ISIN>
	<Scrip_Name>HCL TECHNOLOGIES LTD</Scrip_Name>
	<NSE_Symbol>HCLTECH</NSE_Symbol>
	<MWPL_Limit>145993539</MWPL_Limit>
	<Open_Interest>28258650</Open_Interest>
	<Fut_Eq_Open_Interest>17442320.682024</Fut_Eq_Open_Interest>
	<Limit_for_Next_Day></Limit_for_Next_Day>
</MWPL>
<MWPL>
	<Date>16-DEC-2025</Date>
	<ISIN>INE749A01030</ISIN>
	<Scrip_Name>JINDAL STEEL LIMITED</Scrip_Name>
	<NSE_Symbol>JINDALSTEL</NSE_Symbol>
	<MWPL_Limit>54776702</MWPL_Limit>
	<Open_Interest>21213750</Open_Interest>
	<Fut_Eq_Open_Interest>12026510.6511</Fut_Eq_Open_Interest>
	<Limit_for_Next_Day></Limit_for_Next_Day>
</MWPL>
<MWPL>
	<Date>16-DEC-2025</Date>
	<ISIN>INE021A01026</ISIN>
	<Scrip_Name>ASIAN PAINTS LIMITED</Scrip_Name>
	<NSE_Symbol>ASIANPAINT</NSE_Symbol>
	<MWPL_Limit>52357280</MWPL_Limit>
	<Open_Interest>24756250</Open_Interest>
	<Fut_Eq_Open_Interest>11984112.3172725</Fut_Eq_Open_Interest>
	<Limit_for_Next_Day></Limit_for_Next_Day>
</MWPL>
<MWPL>
	<Date>16-DEC-2025</Date>
	<ISIN>INE038A01020</ISIN>
	<Scrip_Name>HINDALCO  INDUSTRIES  LTD</Scrip_Name>
	<NSE_Symbol>HINDALCO</NSE_Symbol>
	<MWPL_Limit>176136372</MWPL_Limit>
	<Open_Interest>103584600</Open_Interest>
	<Fut_Eq_Open_Interest>72954653.254728</Fut_Eq_Open_Interest>
	<Limit_for_Next_Day></Limit_for_Next_Day>
</MWPL>
<MWPL>
	<Date>16-DEC-2025</Date>
	<ISIN>INE615H01020</ISIN>
	<Scrip_Name>TITAGARH RAIL SYSTEMS LTD</Scrip_Name>
	<NSE_Symbol>TITAGARH</NSE_Symbol>
	<MWPL_Limit>12028036</MWPL_Limit>
	<Open_Interest>10493650</Open_Interest>
	<Fut_Eq_Open_Interest>5180174.35574525</Fut_Eq_Open_Interest>
	<Limit_for_Next_Day></Limit_for_Next_Day>
</MWPL>
<MWPL>
	<Date>16-DEC-2025</Date>
	<ISIN>INE171Z01026</ISIN>
	<Scrip_Name>BHARAT DYNAMICS LIMITED</Scrip_Name>
	<NSE_Symbol>BDL</NSE_Symbol>
	<MWPL_Limit>13786716</MWPL_Limit>
	<Open_Interest>14084875</Open_Interest>
	<Fut_Eq_Open_Interest>4578016.1984945</Fut_Eq_Open_Interest>
	<Limit_for_Next_Day></Limit_for_Next_Day>
</MWPL>
<MWPL>
	<Date>16-DEC-2025</Date>
	<ISIN>INE208A01029</ISIN>
	<Scrip_Name>ASHOK LEYLAND LTD</Scrip_Name>
	<NSE_Symbol>ASHOKLEY</NSE_Symbol>
	<MWPL_Limit>409181558</MWPL_Limit>
	<Open_Interest>281570000</Open_Interest>
	<Fut_Eq_Open_Interest>139318293.02625</Fut_Eq_Open_Interest>
	<Limit_for_Next_Day></Limit_for_Next_Day>
</MWPL>
<MWPL>
	<Date>16-DEC-2025</Date>
	<ISIN>INE522F01014</ISIN>
	<Scrip_Name>COAL INDIA LTD</Scrip_Name>
	<NSE_Symbol>COALINDIA</NSE_Symbol>
	<MWPL_Limit>227199238</MWPL_Limit>
	<Open_Interest>92851650</Open_Interest>
	<Fut_Eq_Open_Interest>53691895.502775</Fut_Eq_Open_Interest>
	<Limit_for_Next_Day></Limit_for_Next_Day>
</MWPL>
<MWPL>
	<Date>16-DEC-2025</Date>
	<ISIN>INE457L01029</ISIN>
	<Scrip_Name>PG ELECTROPLAST LTD</Scrip_Name>
	<NSE_Symbol>PGEL</NSE_Symbol>
	<MWPL_Limit>23897684</MWPL_Limit>
	<Open_Interest>23928250</Open_Interest>
	<Fut_Eq_Open_Interest>7963662.565655</Fut_Eq_Open_Interest>
	<Limit_for_Next_Day></Limit_for_Next_Day>
</MWPL>
<MWPL>
	<Date>16-DEC-2025</Date>
	<ISIN>INE018E01016</ISIN>
	<Scrip_Name>SBI CARDS & PAY SER LTD</Scrip_Name>
	<NSE_Symbol>SBICARD</NSE_Symbol>
	<MWPL_Limit>39583537</MWPL_Limit>
	<Open_Interest>26600800</Open_Interest>
	<Fut_Eq_Open_Interest>15194070.524488</Fut_Eq_Open_Interest>
	<Limit_for_Next_Day></Limit_for_Next_Day>
</MWPL>
<MWPL>
	<Date>16-DEC-2025</Date>
	<ISIN>INE761H01022</ISIN>
	<Scrip_Name>PAGE INDUSTRIES LTD</Scrip_Name>
	<NSE_Symbol>PAGEIND</NSE_Symbol>
	<MWPL_Limit>955549</MWPL_Limit>
	<Open_Interest>429060</Open_Interest>
	<Fut_Eq_Open_Interest>245359.74349395</Fut_Eq_Open_Interest>
	<Limit_for_Next_Day></Limit_for_Next_Day>
</MWPL>
<MWPL>
	<Date>16-DEC-2025</Date>
	<ISIN>INE752E01010</ISIN>
	<Scrip_Name>POWER GRID CORP. LTD.</Scrip_Name>
	<NSE_Symbol>POWERGRID</NSE_Symbol>
	<MWPL_Limit>488832949</MWPL_Limit>
	<Open_Interest>135874700</Open_Interest>
	<Fut_Eq_Open_Interest>78904066.817886</Fut_Eq_Open_Interest>
	<Limit_for_Next_Day></Limit_for_Next_Day>
</MWPL>
<MWPL>
	<Date>16-DEC-2025</Date>
	<ISIN>INE634S01028</ISIN>
	<Scrip_Name>MANKIND PHARMA LIMITED</Scrip_Name>
	<NSE_Symbol>MANKIND</NSE_Symbol>
	<MWPL_Limit>16915220</MWPL_Limit>
	<Open_Interest>4212225</Open_Interest>
	<Fut_Eq_Open_Interest>2650904.70629625</Fut_Eq_Open_Interest>
	<Limit_for_Next_Day></Limit_for_Next_Day>
</MWPL>
<MWPL>
	<Date>16-DEC-2025</Date>
	<ISIN>INE066A01021</ISIN>
	<Scrip_Name>EICHER MOTORS LTD</Scrip_Name>
	<NSE_Symbol>EICHERMOT</NSE_Symbol>
	<MWPL_Limit>20353850</MWPL_Limit>
	<Open_Interest>7760425</Open_Interest>
	<Fut_Eq_Open_Interest>3316807.8075575</Fut_Eq_Open_Interest>
	<Limit_for_Next_Day></Limit_for_Next_Day>
</MWPL>
<MWPL>
	<Date>16-DEC-2025</Date>
	<ISIN>INE271C01023</ISIN>
	<Scrip_Name>DLF LIMITED</Scrip_Name>
	<NSE_Symbol>DLF</NSE_Symbol>
	<MWPL_Limit>83667734</MWPL_Limit>
	<Open_Interest>84844650</Open_Interest>
	<Fut_Eq_Open_Interest>48122356.7287485</Fut_Eq_Open_Interest>
	<Limit_for_Next_Day></Limit_for_Next_Day>
</MWPL>
<MWPL>
	<Date>16-DEC-2025</Date>
	<ISIN>INE148I01020</ISIN>
	<Scrip_Name>SAMMAAN CAPITAL LIMITED</Scrip_Name>
	<NSE_Symbol>SAMMAANCAP</NSE_Symbol>
	<MWPL_Limit>122326971</MWPL_Limit>
	<Open_Interest>184431300</Open_Interest>
	<Fut_Eq_Open_Interest>86894612.635946</Fut_Eq_Open_Interest>
	<Limit_for_Next_Day></Limit_for_Next_Day>
</MWPL>
<MWPL>
	<Date>16-DEC-2025</Date>
	<ISIN>INE04I401011</ISIN>
	<Scrip_Name>KPIT TECHNOLOGIES LIMITED</Scrip_Name>
	<NSE_Symbol>KPITTECH</NSE_Symbol>
	<MWPL_Limit>24568295</MWPL_Limit>
	<Open_Interest>7749525</Open_Interest>
	<Fut_Eq_Open_Interest>3504205.4907525</Fut_Eq_Open_Interest>
	<Limit_for_Next_Day></Limit_for_Next_Day>
</MWPL>
<MWPL>
	<Date>16-DEC-2025</Date>
	<ISIN>INE142M01025</ISIN>
	<Scrip_Name>TATA TECHNOLOGIES LIMITED</Scrip_Name>
	<NSE_Symbol>TATATECH</NSE_Symbol>
	<MWPL_Limit>27246569</MWPL_Limit>
	<Open_Interest>22074400</Open_Interest>
	<Fut_Eq_Open_Interest>10266119.773048</Fut_Eq_Open_Interest>
	<Limit_for_Next_Day></Limit_for_Next_Day>
</MWPL>
<MWPL>
	<Date>16-DEC-2025</Date>
	<ISIN>INE202E01016</ISIN>
	<Scrip_Name>INDIAN RENEWABLE ENERGY</Scrip_Name>
	<NSE_Symbol>IREDA</NSE_Symbol>
	<MWPL_Limit>119011160</MWPL_Limit>
	<Open_Interest>105783900</Open_Interest>
	<Fut_Eq_Open_Interest>45227938.8259755</Fut_Eq_Open_Interest>
	<Limit_for_Next_Day></Limit_for_Next_Day>
</MWPL>
<MWPL>
	<Date>16-DEC-2025</Date>
	<ISIN>INE455K01017</ISIN>
	<Scrip_Name>POLYCAB INDIA LIMITED</Scrip_Name>
	<NSE_Symbol>POLYCAB</NSE_Symbol>
	<MWPL_Limit>8350688</MWPL_Limit>
	<Open_Interest>3104750</Open_Interest>
	<Fut_Eq_Open_Interest>1907529.19365125</Fut_Eq_Open_Interest>
	<Limit_for_Next_Day></Limit_for_Next_Day>
</MWPL>
<MWPL>
	<Date>16-DEC-2025</Date>
	<ISIN>INE002A01018</ISIN>
	<Scrip_Name>RELIANCE INDUSTRIES LTD</Scrip_Name>
	<NSE_Symbol>RELIANCE</NSE_Symbol>
	<MWPL_Limit>662701060</MWPL_Limit>
	<Open_Interest>174327500</Open_Interest>
	<Fut_Eq_Open_Interest>102881622.553245</Fut_Eq_Open_Interest>
	<Limit_for_Next_Day></Limit_for_Next_Day>
</MWPL>
<MWPL>
	<Date>16-DEC-2025</Date>
	<ISIN>INE134E01011</ISIN>
	<Scrip_Name>POWER FIN CORP LTD.</Scrip_Name>
	<NSE_Symbol>PFC</NSE_Symbol>
	<MWPL_Limit>203602113</MWPL_Limit>
	<Open_Interest>163978100</Open_Interest>
	<Fut_Eq_Open_Interest>79993632.430582</Fut_Eq_Open_Interest>
	<Limit_for_Next_Day></Limit_for_Next_Day>
</MWPL>
<MWPL>
	<Date>16-DEC-2025</Date>
	<ISIN>INE040H01021</ISIN>
	<Scrip_Name>SUZLON ENERGY LIMITED</Scrip_Name>
	<NSE_Symbol>SUZLON</NSE_Symbol>
	<MWPL_Limit>1813533848</MWPL_Limit>
	<Open_Interest>554093600</Open_Interest>
	<Fut_Eq_Open_Interest>249525584.1325155</Fut_Eq_Open_Interest>
	<Limit_for_Next_Day></Limit_for_Next_Day>
</MWPL>
<MWPL>
	<Date>16-DEC-2025</Date>
	<ISIN>INE044A01036</ISIN>
	<Scrip_Name>SUN PHARMACEUTICAL IND L</Scrip_Name>
	<NSE_Symbol>SUNPHARMA</NSE_Symbol>
	<MWPL_Limit>109220043</MWPL_Limit>
	<Open_Interest>23888550</Open_Interest>
	<Fut_Eq_Open_Interest>15537099.4096675</Fut_Eq_Open_Interest>
	<Limit_for_Next_Day></Limit_for_Next_Day>
</MWPL>
<MWPL>
	<Date>16-DEC-2025</Date>
	<ISIN>INE376G01013</ISIN>
	<Scrip_Name>BIOCON LIMITED.</Scrip_Name>
	<NSE_Symbol>BIOCON</NSE_Symbol>
	<MWPL_Limit>90981174</MWPL_Limit>
	<Open_Interest>96632500</Open_Interest>
	<Fut_Eq_Open_Interest>43959351.70465</Fut_Eq_Open_Interest>
	<Limit_for_Next_Day></Limit_for_Next_Day>
</MWPL>
<MWPL>
	<Date>16-DEC-2025</Date>
	<ISIN>INE062A01020</ISIN>
	<Scrip_Name>STATE BANK OF INDIA</Scrip_Name>
	<NSE_Symbol>SBIN</NSE_Symbol>
	<MWPL_Limit>407307212</MWPL_Limit>
	<Open_Interest>157087500</Open_Interest>
	<Fut_Eq_Open_Interest>76355198.7610275</Fut_Eq_Open_Interest>
	<Limit_for_Next_Day></Limit_for_Next_Day>
</MWPL>
<MWPL>
	<Date>16-DEC-2025</Date>
	<ISIN>INE476A01022</ISIN>
	<Scrip_Name>CANARA BANK</Scrip_Name>
	<NSE_Symbol>CANBK</NSE_Symbol>
	<MWPL_Limit>504315430</MWPL_Limit>
	<Open_Interest>340368750</Open_Interest>
	<Fut_Eq_Open_Interest>134280468.5378625</Fut_Eq_Open_Interest>
	<Limit_for_Next_Day></Limit_for_Next_Day>
</MWPL>
<MWPL>
	<Date>16-DEC-2025</Date>
	<ISIN>INE117A01022</ISIN>
	<Scrip_Name>ABB INDIA LIMITED</Scrip_Name>
	<NSE_Symbol>ABB</NSE_Symbol>
	<MWPL_Limit>7946564</MWPL_Limit>
	<Open_Interest>3932125</Open_Interest>
	<Fut_Eq_Open_Interest>2264727.8559625</Fut_Eq_Open_Interest>
	<Limit_for_Next_Day></Limit_for_Next_Day>
</MWPL>
<MWPL>
	<Date>16-DEC-2025</Date>
	<ISIN>INE531F01015</ISIN>
	<Scrip_Name>NUVAMA WEALTH MANAGE LTD</Scrip_Name>
	<NSE_Symbol>NUVAMA</NSE_Symbol>
	<MWPL_Limit>2444664</MWPL_Limit>
	<Open_Interest>817000</Open_Interest>
	<Fut_Eq_Open_Interest>374915.195845</Fut_Eq_Open_Interest>
	<Limit_for_Next_Day></Limit_for_Next_Day>
</MWPL>
<MWPL>
	<Date>16-DEC-2025</Date>
	<ISIN>INE121A01024</ISIN>
	<Scrip_Name>CHOLAMANDALAM IN & FIN CO</Scrip_Name>
	<NSE_Symbol>CHOLAFIN</NSE_Symbol>
	<MWPL_Limit>63212268</MWPL_Limit>
	<Open_Interest>19688125</Open_Interest>
	<Fut_Eq_Open_Interest>12147890.32746875</Fut_Eq_Open_Interest>
	<Limit_for_Next_Day></Limit_for_Next_Day>
</MWPL>
<MWPL>
	<Date>16-DEC-2025</Date>
	<ISIN>INE548A01028</ISIN>
	<Scrip_Name>HFCL LIMITED</Scrip_Name>
	<NSE_Symbol>HFCL</NSE_Symbol>
	<MWPL_Limit>147979599</MWPL_Limit>
	<Open_Interest>210224850</Open_Interest>
	<Fut_Eq_Open_Interest>91221337.550595</Fut_Eq_Open_Interest>
	<Limit_for_Next_Day></Limit_for_Next_Day>
</MWPL>
<MWPL>
	<Date>16-DEC-2025</Date>
	<ISIN>INE070A01015</ISIN>
	<Scrip_Name>SHREE CEMENT LIMITED</Scrip_Name>
	<NSE_Symbol>SHREECEM</NSE_Symbol>
	<MWPL_Limit>1548028</MWPL_Limit>
	<Open_Interest>524400</Open_Interest>
	<Fut_Eq_Open_Interest>303452.8444285</Fut_Eq_Open_Interest>
	<Limit_for_Next_Day></Limit_for_Next_Day>
</MWPL>
<MWPL>
	<Date>16-DEC-2025</Date>
	<ISIN>INE813H01021</ISIN>
	<Scrip_Name>TORRENT POWER LTD</Scrip_Name>
	<NSE_Symbol>TORNTPOWER</NSE_Symbol>
	<MWPL_Limit>24646022</MWPL_Limit>
	<Open_Interest>4771400</Open_Interest>
	<Fut_Eq_Open_Interest>2704900.95153175</Fut_Eq_Open_Interest>
	<Limit_for_Next_Day></Limit_for_Next_Day>
</MWPL>
<MWPL>
	<Date>16-DEC-2025</Date>
	<ISIN>INE982J01020</ISIN>
	<Scrip_Name>ONE 97 COMMUNICATIONS LTD</Scrip_Name>
	<NSE_Symbol>PAYTM</NSE_Symbol>
	<MWPL_Limit>95715382</MWPL_Limit>
	<Open_Interest>33365950</Open_Interest>
	<Fut_Eq_Open_Interest>17614031.82406125</Fut_Eq_Open_Interest>
	<Limit_for_Next_Day></Limit_for_Next_Day>
</MWPL>
<MWPL>
	<Date>16-DEC-2025</Date>
	<ISIN>INE095N01031</ISIN>
	<Scrip_Name>NBCC (INDIA) LIMITED</Scrip_Name>
	<NSE_Symbol>NBCC</NSE_Symbol>
	<MWPL_Limit>154894704</MWPL_Limit>
	<Open_Interest>153413000</Open_Interest>
	<Fut_Eq_Open_Interest>84704365.433155</Fut_Eq_Open_Interest>
	<Limit_for_Next_Day></Limit_for_Next_Day>
</MWPL>
<MWPL>
	<Date>16-DEC-2025</Date>
	<ISIN>INE299U01018</ISIN>
	<Scrip_Name>CROMPT GREA CON ELEC LTD</Scrip_Name>
	<NSE_Symbol>CROMPTON</NSE_Symbol>
	<MWPL_Limit>81400589</MWPL_Limit>
	<Open_Interest>91071000</Open_Interest>
	<Fut_Eq_Open_Interest>51822078.746634</Fut_Eq_Open_Interest>
	<Limit_for_Next_Day></Limit_for_Next_Day>
</MWPL>
<MWPL>
	<Date>16-DEC-2025</Date>
	<ISIN>INE562A01011</ISIN>
	<Scrip_Name>INDIAN BANK</Scrip_Name>
	<NSE_Symbol>INDIANB</NSE_Symbol>
	<MWPL_Limit>52862157</MWPL_Limit>
	<Open_Interest>28483000</Open_Interest>
	<Fut_Eq_Open_Interest>11958859.09041</Fut_Eq_Open_Interest>
	<Limit_for_Next_Day></Limit_for_Next_Day>
</MWPL>
<MWPL>
	<Date>16-DEC-2025</Date>
	<ISIN>INE160A01022</ISIN>
	<Scrip_Name>PUNJAB NATIONAL BANK</Scrip_Name>
	<NSE_Symbol>PNB</NSE_Symbol>
	<MWPL_Limit>447910372</MWPL_Limit>
	<Open_Interest>522304000</Open_Interest>
	<Fut_Eq_Open_Interest>231752693.12584</Fut_Eq_Open_Interest>
	<Limit_for_Next_Day></Limit_for_Next_Day>
</MWPL>
<MWPL>
	<Date>16-DEC-2025</Date>
	<ISIN>INE047A01021</ISIN>
	<Scrip_Name>GRASIM INDUSTRIES LTD</Scrip_Name>
	<NSE_Symbol>GRASIM</NSE_Symbol>
	<MWPL_Limit>38514157</MWPL_Limit>
	<Open_Interest>20378750</Open_Interest>
	<Fut_Eq_Open_Interest>12714676.11942</Fut_Eq_Open_Interest>
	<Limit_for_Next_Day></Limit_for_Next_Day>
</MWPL>
<MWPL>
	<Date>16-DEC-2025</Date>
	<ISIN>INE089A01031</ISIN>
	<Scrip_Name>DR. REDDY S LABORATORIES</Scrip_Name>
	<NSE_Symbol>DRREDDY</NSE_Symbol>
	<MWPL_Limit>61006521</MWPL_Limit>
	<Open_Interest>23376875</Open_Interest>
	<Fut_Eq_Open_Interest>12723257.33419375</Fut_Eq_Open_Interest>
	<Limit_for_Next_Day></Limit_for_Next_Day>
</MWPL>
<MWPL>
	<Date>16-DEC-2025</Date>
	<ISIN>INE016A01026</ISIN>
	<Scrip_Name>DABUR INDIA LTD</Scrip_Name>
	<NSE_Symbol>DABUR</NSE_Symbol>
	<MWPL_Limit>89873278</MWPL_Limit>
	<Open_Interest>40898750</Open_Interest>
	<Fut_Eq_Open_Interest>18897461.940475</Fut_Eq_Open_Interest>
	<Limit_for_Next_Day></Limit_for_Next_Day>
</MWPL>
<MWPL>
	<Date>16-DEC-2025</Date>
	<ISIN>INE075A01022</ISIN>
	<Scrip_Name>WIPRO LTD</Scrip_Name>
	<NSE_Symbol>WIPRO</NSE_Symbol>
	<MWPL_Limit>292948819</MWPL_Limit>
	<Open_Interest>197523000</Open_Interest>
	<Fut_Eq_Open_Interest>108066456.67371</Fut_Eq_Open_Interest>
	<Limit_for_Next_Day></Limit_for_Next_Day>
</MWPL>
<MWPL>
	<Date>16-DEC-2025</Date>
	<ISIN>INE238A01034</ISIN>
	<Scrip_Name>AXIS BANK LIMITED</Scrip_Name>
	<NSE_Symbol>AXISBANK</NSE_Symbol>
	<MWPL_Limit>316147681</MWPL_Limit>
	<Open_Interest>130621875</Open_Interest>
	<Fut_Eq_Open_Interest>77644365.97341875</Fut_Eq_Open_Interest>
	<Limit_for_Next_Day></Limit_for_Next_Day>
</MWPL>
<MWPL>
	<Date>16-DEC-2025</Date>
	<ISIN>INE414G01012</ISIN>
	<Scrip_Name>MUTHOOT FINANCE LIMITED</Scrip_Name>
	<NSE_Symbol>MUTHOOTFIN</NSE_Symbol>
	<MWPL_Limit>16050690</MWPL_Limit>
	<Open_Interest>7890025</Open_Interest>
	<Fut_Eq_Open_Interest>3334833.854627</Fut_Eq_Open_Interest>
	<Limit_for_Next_Day></Limit_for_Next_Day>
</MWPL>
<MWPL>
	<Date>16-DEC-2025</Date>
	<ISIN>INE111A01025</ISIN>
	<Scrip_Name>CONTAINER CORP OF IND LTD</Scrip_Name>
	<NSE_Symbol>CONCOR</NSE_Symbol>
	<MWPL_Limit>48077012</MWPL_Limit>
	<Open_Interest>62162500</Open_Interest>
	<Fut_Eq_Open_Interest>36106568.791525</Fut_Eq_Open_Interest>
	<Limit_for_Next_Day></Limit_for_Next_Day>
</MWPL>
<MWPL>
	<Date>16-DEC-2025</Date>
	<ISIN>INE303R01014</ISIN>
	<Scrip_Name>KALYAN JEWELLERS IND LTD</Scrip_Name>
	<NSE_Symbol>KALYANKJIL</NSE_Symbol>
	<MWPL_Limit>57552009</MWPL_Limit>
	<Open_Interest>49963350</Open_Interest>
	<Fut_Eq_Open_Interest>30072168.575462</Fut_Eq_Open_Interest>
	<Limit_for_Next_Day></Limit_for_Next_Day>
</MWPL>
<MWPL>
	<Date>16-DEC-2025</Date>
	<ISIN>INE280A01028</ISIN>
	<Scrip_Name>TITAN COMPANY LIMITED</Scrip_Name>
	<NSE_Symbol>TITAN</NSE_Symbol>
	<MWPL_Limit>41744334</MWPL_Limit>
	<Open_Interest>15286425</Open_Interest>
	<Fut_Eq_Open_Interest>9598048.10217925</Fut_Eq_Open_Interest>
	<Limit_for_Next_Day></Limit_for_Next_Day>
</MWPL>
<MWPL>
	<Date>16-DEC-2025</Date>
	<ISIN>INE849A01020</ISIN>
	<Scrip_Name>TRENT LTD</Scrip_Name>
	<NSE_Symbol>TRENT</NSE_Symbol>
	<MWPL_Limit>33590487</MWPL_Limit>
	<Open_Interest>16826600</Open_Interest>
	<Fut_Eq_Open_Interest>8801156.689583</Fut_Eq_Open_Interest>
	<Limit_for_Next_Day></Limit_for_Next_Day>
</MWPL>
<MWPL>
	<Date>16-DEC-2025</Date>
	<ISIN>INE121E01018</ISIN>
	<Scrip_Name>JSW ENERGY LIMITED</Scrip_Name>
	<NSE_Symbol>JSWENERGY</NSE_Symbol>
	<MWPL_Limit>80203755</MWPL_Limit>
	<Open_Interest>73266000</Open_Interest>
	<Fut_Eq_Open_Interest>44257737.39038</Fut_Eq_Open_Interest>
	<Limit_for_Next_Day></Limit_for_Next_Day>
</MWPL>
<MWPL>
	<Date>16-DEC-2025</Date>
	<ISIN>INE647A01010</ISIN>
	<Scrip_Name>SRF LTD</Scrip_Name>
	<NSE_Symbol>SRF</NSE_Symbol>
	<MWPL_Limit>21205300</MWPL_Limit>
	<Open_Interest>6784600</Open_Interest>
	<Fut_Eq_Open_Interest>3550240.230314</Fut_Eq_Open_Interest>
	<Limit_for_Next_Day></Limit_for_Next_Day>
</MWPL>
<MWPL>
	<Date>16-DEC-2025</Date>
	<ISIN>INE917I01010</ISIN>
	<Scrip_Name>BAJAJ AUTO LIMITED</Scrip_Name>
	<NSE_Symbol>BAJAJ-AUTO</NSE_Symbol>
	<MWPL_Limit>12547731</MWPL_Limit>
	<Open_Interest>6631725</Open_Interest>
	<Fut_Eq_Open_Interest>3353128.34122575</Fut_Eq_Open_Interest>
	<Limit_for_Next_Day></Limit_for_Next_Day>
</MWPL>
<MWPL>
	<Date>16-DEC-2025</Date>
	<ISIN>INE296A01032</ISIN>
	<Scrip_Name>BAJAJ FINANCE LIMITED</Scrip_Name>
	<NSE_Symbol>BAJFINANCE</NSE_Symbol>
	<MWPL_Limit>281116345</MWPL_Limit>
	<Open_Interest>136529250</Open_Interest>
	<Fut_Eq_Open_Interest>87758734.8303375</Fut_Eq_Open_Interest>
	<Limit_for_Next_Day></Limit_for_Next_Day>
</MWPL>
<MWPL>
	<Date>16-DEC-2025</Date>
	<ISIN>INE093I01010</ISIN>
	<Scrip_Name>OBEROI REALTY LIMITED</Scrip_Name>
	<NSE_Symbol>OBEROIRLTY</NSE_Symbol>
	<MWPL_Limit>17614093</MWPL_Limit>
	<Open_Interest>7962150</Open_Interest>
	<Fut_Eq_Open_Interest>4341485.2675425</Fut_Eq_Open_Interest>
	<Limit_for_Next_Day></Limit_for_Next_Day>
</MWPL>
<MWPL>
	<Date>16-DEC-2025</Date>
	<ISIN>INE663F01032</ISIN>
	<Scrip_Name>INFO EDGE (I) LTD</Scrip_Name>
	<NSE_Symbol>NAUKRI</NSE_Symbol>
	<MWPL_Limit>60530911</MWPL_Limit>
	<Open_Interest>13275000</Open_Interest>
	<Fut_Eq_Open_Interest>8081438.54572125</Fut_Eq_Open_Interest>
	<Limit_for_Next_Day></Limit_for_Next_Day>
</MWPL>
<MWPL>
	<Date>16-DEC-2025</Date>
	<ISIN>INE669E01016</ISIN>
	<Scrip_Name>VODAFONE IDEA LIMITED</Scrip_Name>
	<NSE_Symbol>IDEA</NSE_Symbol>
	<MWPL_Limit>8713529091</MWPL_Limit>
	<Open_Interest>10556428650</Open_Interest>
	<Fut_Eq_Open_Interest>6040603297.49415825</Fut_Eq_Open_Interest>
	<Limit_for_Next_Day></Limit_for_Next_Day>
</MWPL>
<MWPL>
	<Date>16-DEC-2025</Date>
	<ISIN>INE797F01020</ISIN>
	<Scrip_Name>JUBILANT FOODWORKS LTD</Scrip_Name>
	<NSE_Symbol>JUBLFOOD</NSE_Symbol>
	<MWPL_Limit>48884739</MWPL_Limit>
	<Open_Interest>40717500</Open_Interest>
	<Fut_Eq_Open_Interest>21342016.5523375</Fut_Eq_Open_Interest>
	<Limit_for_Next_Day></Limit_for_Next_Day>
</MWPL>
<MWPL>
	<Date>16-DEC-2025</Date>
	<ISIN>INE249Z01020</ISIN>
	<Scrip_Name>MAZAGON DOCK SHIPBUIL LTD</Scrip_Name>
	<NSE_Symbol>MAZDOCK</NSE_Symbol>
	<MWPL_Limit>11364224</MWPL_Limit>
	<Open_Interest>10202000</Open_Interest>
	<Fut_Eq_Open_Interest>4544452.923987</Fut_Eq_Open_Interest>
	<Limit_for_Next_Day></Limit_for_Next_Day>
</MWPL>
<MWPL>
	<Date>16-DEC-2025</Date>
	<ISIN>INE481G01011</ISIN>
	<Scrip_Name>ULTRATECH CEMENT LIMITED</Scrip_Name>
	<NSE_Symbol>ULTRACEMCO</NSE_Symbol>
	<MWPL_Limit>11962066</MWPL_Limit>
	<Open_Interest>4349100</Open_Interest>
	<Fut_Eq_Open_Interest>2862853.3642125</Fut_Eq_Open_Interest>
	<Limit_for_Next_Day></Limit_for_Next_Day>
</MWPL>
<MWPL>
	<Date>16-DEC-2025</Date>
	<ISIN>INE263A01024</ISIN>
	<Scrip_Name>BHARAT ELECTRONICS LTD</Scrip_Name>
	<NSE_Symbol>BEL</NSE_Symbol>
	<MWPL_Limit>535778534</MWPL_Limit>
	<Open_Interest>249158400</Open_Interest>
	<Fut_Eq_Open_Interest>117734464.821843</Fut_Eq_Open_Interest>
	<Limit_for_Next_Day></Limit_for_Next_Day>
</MWPL>
<MWPL>
	<Date>16-DEC-2025</Date>
	<ISIN>INE343H01029</ISIN>
	<Scrip_Name>SOLAR INDUSTRIES (I) LTD</Scrip_Name>
	<NSE_Symbol>SOLARINDS</NSE_Symbol>
	<MWPL_Limit>3644817</MWPL_Limit>
	<Open_Interest>2058225</Open_Interest>
	<Fut_Eq_Open_Interest>964260.40241275</Fut_Eq_Open_Interest>
	<Limit_for_Next_Day></Limit_for_Next_Day>
</MWPL>
<MWPL>
	<Date>16-DEC-2025</Date>
	<ISIN>INE009A01021</ISIN>
	<Scrip_Name>INFOSYS LIMITED</Scrip_Name>
	<NSE_Symbol>INFY</NSE_Symbol>
	<MWPL_Limit>341789333</MWPL_Limit>
	<Open_Interest>112404000</Open_Interest>
	<Fut_Eq_Open_Interest>70472272.276364</Fut_Eq_Open_Interest>
	<Limit_for_Next_Day></Limit_for_Next_Day>
</MWPL>
<MWPL>
	<Date>16-DEC-2025</Date>
	<ISIN>INE572E01012</ISIN>
	<Scrip_Name>PNB HOUSING FIN LTD.</Scrip_Name>
	<NSE_Symbol>PNBHOUSING</NSE_Symbol>
	<MWPL_Limit>28062406</MWPL_Limit>
	<Open_Interest>28651350</Open_Interest>
	<Fut_Eq_Open_Interest>15650232.319397</Fut_Eq_Open_Interest>
	<Limit_for_Next_Day></Limit_for_Next_Day>
</MWPL>
<MWPL>
	<Date>16-DEC-2025</Date>
	<ISIN>INE931S01010</ISIN>
	<Scrip_Name>ADANI ENERGY SOLUTION LTD</Scrip_Name>
	<NSE_Symbol>ADANIENSOL</NSE_Symbol>
	<MWPL_Limit>51907388</MWPL_Limit>
	<Open_Interest>24074550</Open_Interest>
	<Fut_Eq_Open_Interest>16339359.83036625</Fut_Eq_Open_Interest>
	<Limit_for_Next_Day></Limit_for_Next_Day>
</MWPL>
<MWPL>
	<Date>16-DEC-2025</Date>
	<ISIN>INE127D01025</ISIN>
	<Scrip_Name>HDFC AMC LIMITED</Scrip_Name>
	<NSE_Symbol>HDFCAMC</NSE_Symbol>
	<MWPL_Limit>30518916</MWPL_Limit>
	<Open_Interest>8133600</Open_Interest>
	<Fut_Eq_Open_Interest>4776392.051181</Fut_Eq_Open_Interest>
	<Limit_for_Next_Day></Limit_for_Next_Day>
</MWPL>
<MWPL>
	<Date>16-DEC-2025</Date>
	<ISIN>INE092T01019</ISIN>
	<Scrip_Name>IDFC FIRST BANK LIMITED</Scrip_Name>
	<NSE_Symbol>IDFCFIRSTB</NSE_Symbol>
	<MWPL_Limit>761294821</MWPL_Limit>
	<Open_Interest>572017075</Open_Interest>
	<Fut_Eq_Open_Interest>341546798.6071855</Fut_Eq_Open_Interest>
	<Limit_for_Next_Day></Limit_for_Next_Day>
</MWPL>
<MWPL>
	<Date>16-DEC-2025</Date>
	<ISIN>INE118H01025</ISIN>
	<Scrip_Name>BSE LIMITED</Scrip_Name>
	<NSE_Symbol>BSE</NSE_Symbol>
	<MWPL_Limit>48385387</MWPL_Limit>
	<Open_Interest>33108375</Open_Interest>
	<Fut_Eq_Open_Interest>12156121.09428375</Fut_Eq_Open_Interest>
	<Limit_for_Next_Day></Limit_for_Next_Day>
</MWPL>
<MWPL>
	<Date>16-DEC-2025</Date>
	<ISIN>INE090A01021</ISIN>
	<Scrip_Name>ICICI BANK LTD.</Scrip_Name>
	<NSE_Symbol>ICICIBANK</NSE_Symbol>
	<MWPL_Limit>579785172</MWPL_Limit>
	<Open_Interest>175826700</Open_Interest>
	<Fut_Eq_Open_Interest>114289518.191996</Fut_Eq_Open_Interest>
	<Limit_for_Next_Day></Limit_for_Next_Day>
</MWPL>
<MWPL>
	<Date>16-DEC-2025</Date>
	<ISIN>INE214T01019</ISIN>
	<Scrip_Name>LTIMINDTREE LIMITED</Scrip_Name>
	<NSE_Symbol>LTIM</NSE_Symbol>
	<MWPL_Limit>9315942</MWPL_Limit>
	<Open_Interest>3789450</Open_Interest>
	<Fut_Eq_Open_Interest>2128978.223094</Fut_Eq_Open_Interest>
	<Limit_for_Next_Day></Limit_for_Next_Day>
</MWPL>
<MWPL>
	<Date>16-DEC-2025</Date>
	<ISIN>INE347G01014</ISIN>
	<Scrip_Name>PETRONET LNG LIMITED</Scrip_Name>
	<NSE_Symbol>PETRONET</NSE_Symbol>
	<MWPL_Limit>93668136</MWPL_Limit>
	<Open_Interest>81210500</Open_Interest>
	<Fut_Eq_Open_Interest>38293905.85012</Fut_Eq_Open_Interest>
	<Limit_for_Next_Day></Limit_for_Next_Day>
</MWPL>
<MWPL>
	<Date>16-DEC-2025</Date>
	<ISIN>INE022Q01020</ISIN>
	<Scrip_Name>INDIAN ENERGY EXC LTD</Scrip_Name>
	<NSE_Symbol>IEX</NSE_Symbol>
	<MWPL_Limit>133395043</MWPL_Limit>
	<Open_Interest>133492500</Open_Interest>
	<Fut_Eq_Open_Interest>53590813.6952625</Fut_Eq_Open_Interest>
	<Limit_for_Next_Day></Limit_for_Next_Day>
</MWPL>
<MWPL>
	<Date>16-DEC-2025</Date>
	<ISIN>INE371P01015</ISIN>
	<Scrip_Name>AMBER ENTERPRISES (I) LTD</Scrip_Name>
	<NSE_Symbol>AMBER</NSE_Symbol>
	<MWPL_Limit>3067454</MWPL_Limit>
	<Open_Interest>2931400</Open_Interest>
	<Fut_Eq_Open_Interest>940748.692944</Fut_Eq_Open_Interest>
	<Limit_for_Next_Day></Limit_for_Next_Day>
</MWPL>
<MWPL>
	<Date>16-DEC-2025</Date>
	<ISIN>INE795G01014</ISIN>
	<Scrip_Name>HDFC LIFE INS CO LTD</Scrip_Name>
	<NSE_Symbol>HDFCLIFE</NSE_Symbol>
	<MWPL_Limit>119296253</MWPL_Limit>
	<Open_Interest>60313000</Open_Interest>
	<Fut_Eq_Open_Interest>30877342.21847</Fut_Eq_Open_Interest>
	<Limit_for_Next_Day></Limit_for_Next_Day>
</MWPL>
<MWPL>
	<Date>16-DEC-2025</Date>
	<ISIN>INE721A01047</ISIN>
	<Scrip_Name>SHRIRAM FINANCE LIMITED</Scrip_Name>
	<NSE_Symbol>SHRIRAMFIN</NSE_Symbol>
	<MWPL_Limit>210459276</MWPL_Limit>
	<Open_Interest>95297400</Open_Interest>
	<Fut_Eq_Open_Interest>61971883.85496075</Fut_Eq_Open_Interest>
	<Limit_for_Next_Day></Limit_for_Next_Day>
</MWPL>
<MWPL>
	<Date>16-DEC-2025</Date>
	<ISIN>INE066P01011</ISIN>
	<Scrip_Name>INOX WIND LIMITED</Scrip_Name>
	<NSE_Symbol>INOXWIND</NSE_Symbol>
	<MWPL_Limit>144708707</MWPL_Limit>
	<Open_Interest>155778727</Open_Interest>
	<Fut_Eq_Open_Interest>77348916.95875296</Fut_Eq_Open_Interest>
	<Limit_for_Next_Day></Limit_for_Next_Day>
</MWPL>
<MWPL>
	<Date>16-DEC-2025</Date>
	<ISIN>INE437A01024</ISIN>
	<Scrip_Name>APOLLO HOSPITALS ENTER. L</Scrip_Name>
	<NSE_Symbol>APOLLOHOSP</NSE_Symbol>
	<MWPL_Limit>15240043</MWPL_Limit>
	<Open_Interest>6363375</Open_Interest>
	<Fut_Eq_Open_Interest>3328951.91574</Fut_Eq_Open_Interest>
	<Limit_for_Next_Day></Limit_for_Next_Day>
</MWPL>
<MWPL>
	<Date>16-DEC-2025</Date>
	<ISIN>INE192R01011</ISIN>
	<Scrip_Name>AVENUE SUPERMARTS LIMITED</Scrip_Name>
	<NSE_Symbol>DMART</NSE_Symbol>
	<MWPL_Limit>22136392</MWPL_Limit>
	<Open_Interest>9141000</Open_Interest>
	<Fut_Eq_Open_Interest>4971757.5611145</Fut_Eq_Open_Interest>
	<Limit_for_Next_Day></Limit_for_Next_Day>
</MWPL>
<MWPL>
	<Date>16-DEC-2025</Date>
	<ISIN>INE670K01029</ISIN>
	<Scrip_Name>LODHA DEVELOPERS LIMITED</Scrip_Name>
	<NSE_Symbol>LODHA</NSE_Symbol>
	<MWPL_Limit>42060143</MWPL_Limit>
	<Open_Interest>19615050</Open_Interest>
	<Fut_Eq_Open_Interest>12494283.1434315</Fut_Eq_Open_Interest>
	<Limit_for_Next_Day></Limit_for_Next_Day>
</MWPL>
<MWPL>
	<Date>16-DEC-2025</Date>
	<ISIN>INE356A01018</ISIN>
	<Scrip_Name>MPHASIS LIMITED</Scrip_Name>
	<NSE_Symbol>MPHASIS</NSE_Symbol>
	<MWPL_Limit>14652855</MWPL_Limit>
	<Open_Interest>8641875</Open_Interest>
	<Fut_Eq_Open_Interest>6240237.209019</Fut_Eq_Open_Interest>
	<Limit_for_Next_Day></Limit_for_Next_Day>
</MWPL>
<MWPL>
	<Date>16-DEC-2025</Date>
	<ISIN>INE121J01017</ISIN>
	<Scrip_Name>INDUS TOWERS LIMITED</Scrip_Name>
	<NSE_Symbol>INDUSTOWER</NSE_Symbol>
	<MWPL_Limit>197705578</MWPL_Limit>
	<Open_Interest>125186300</Open_Interest>
	<Fut_Eq_Open_Interest>77447562.264852</Fut_Eq_Open_Interest>
	<Limit_for_Next_Day></Limit_for_Next_Day>
</MWPL>
<MWPL>
	<Date>16-DEC-2025</Date>
	<ISIN>INE274J01014</ISIN>
	<Scrip_Name>OIL INDIA LTD</Scrip_Name>
	<NSE_Symbol>OIL</NSE_Symbol>
	<MWPL_Limit>94123587</MWPL_Limit>
	<Open_Interest>21207200</Open_Interest>
	<Fut_Eq_Open_Interest>11157688.486182</Fut_Eq_Open_Interest>
	<Limit_for_Next_Day></Limit_for_Next_Day>
</MWPL>
<MWPL>
	<Date>16-DEC-2025</Date>
	<ISIN>INE591G01025</ISIN>
	<Scrip_Name>COFORGE LIMITED</Scrip_Name>
	<NSE_Symbol>COFORGE</NSE_Symbol>
	<MWPL_Limit>50163899</MWPL_Limit>
	<Open_Interest>22696125</Open_Interest>
	<Fut_Eq_Open_Interest>12866262.75219375</Fut_Eq_Open_Interest>
	<Limit_for_Next_Day></Limit_for_Next_Day>
</MWPL>
<MWPL>
	<Date>16-DEC-2025</Date>
	<ISIN>INE066F01020</ISIN>
	<Scrip_Name>HINDUSTAN AERONAUTICS LTD</Scrip_Name>
	<NSE_Symbol>HAL</NSE_Symbol>
	<MWPL_Limit>28450886</MWPL_Limit>
	<Open_Interest>23107200</Open_Interest>
	<Fut_Eq_Open_Interest>9774402.381015</Fut_Eq_Open_Interest>
	<Limit_for_Next_Day></Limit_for_Next_Day>
</MWPL>
<MWPL>
	<Date>16-DEC-2025</Date>
	<ISIN>INE848E01016</ISIN>
	<Scrip_Name>NHPC LTD</Scrip_Name>
	<NSE_Symbol>NHPC</NSE_Symbol>
	<MWPL_Limit>398201603</MWPL_Limit>
	<Open_Interest>140505600</Open_Interest>
	<Fut_Eq_Open_Interest>71015046.061248</Fut_Eq_Open_Interest>
	<Limit_for_Next_Day></Limit_for_Next_Day>
</MWPL>
<MWPL>
	<Date>16-DEC-2025</Date>
	<ISIN>INE095A01012</ISIN>
	<Scrip_Name>INDUSIND BANK LIMITED</Scrip_Name>
	<NSE_Symbol>INDUSINDBK</NSE_Symbol>
	<MWPL_Limit>93805784</MWPL_Limit>
	<Open_Interest>70447300</Open_Interest>
	<Fut_Eq_Open_Interest>44615723.365367</Fut_Eq_Open_Interest>
	<Limit_for_Next_Day></Limit_for_Next_Day>
</MWPL>
<MWPL>
	<Date>16-DEC-2025</Date>
	<ISIN>INE00R701025</ISIN>
	<Scrip_Name>DALMIA BHARAT LIMITED</Scrip_Name>
	<NSE_Symbol>DALBHARAT</NSE_Symbol>
	<MWPL_Limit>12425041</MWPL_Limit>
	<Open_Interest>4584450</Open_Interest>
	<Fut_Eq_Open_Interest>2213946.6057215</Fut_Eq_Open_Interest>
	<Limit_for_Next_Day></Limit_for_Next_Day>
</MWPL>
<MWPL>
	<Date>16-DEC-2025</Date>
	<ISIN>INE154A01025</ISIN>
	<Scrip_Name>ITC LTD</Scrip_Name>
	<NSE_Symbol>ITC</NSE_Symbol>
	<MWPL_Limit>1251412841</MWPL_Limit>
	<Open_Interest>268768000</Open_Interest>
	<Fut_Eq_Open_Interest>171211708.745696</Fut_Eq_Open_Interest>
	<Limit_for_Next_Day></Limit_for_Next_Day>
</MWPL>
<MWPL>
	<Date>16-DEC-2025</Date>
	<ISIN>INE006I01046</ISIN>
	<Scrip_Name>ASTRAL LIMITED</Scrip_Name>
	<NSE_Symbol>ASTRAL</NSE_Symbol>
	<MWPL_Limit>18495534</MWPL_Limit>
	<Open_Interest>13027100</Open_Interest>
	<Fut_Eq_Open_Interest>6999514.019022</Fut_Eq_Open_Interest>
	<Limit_for_Next_Day></Limit_for_Next_Day>
</MWPL>
<MWPL>
	<Date>16-DEC-2025</Date>
	<ISIN>INE405E01023</ISIN>
	<Scrip_Name>UNO MINDA LIMITED</Scrip_Name>
	<NSE_Symbol>UNOMINDA</NSE_Symbol>
	<MWPL_Limit>22813802</MWPL_Limit>
	<Open_Interest>8599800</Open_Interest>
	<Fut_Eq_Open_Interest>4419465.665428</Fut_Eq_Open_Interest>
	<Limit_for_Next_Day></Limit_for_Next_Day>
</MWPL>
<MWPL>
	<Date>16-DEC-2025</Date>
	<ISIN>INE484J01027</ISIN>
	<Scrip_Name>GODREJ PROPERTIES LTD</Scrip_Name>
	<NSE_Symbol>GODREJPROP</NSE_Symbol>
	<MWPL_Limit>24082879</MWPL_Limit>
	<Open_Interest>14082750</Open_Interest>
	<Fut_Eq_Open_Interest>8817332.53180175</Fut_Eq_Open_Interest>
	<Limit_for_Next_Day></Limit_for_Next_Day>
</MWPL>
<MWPL>
	<Date>16-DEC-2025</Date>
	<ISIN>INE323A01026</ISIN>
	<Scrip_Name>BOSCH LIMITED</Scrip_Name>
	<NSE_Symbol>BOSCHLTD</NSE_Symbol>
	<MWPL_Limit>982526</MWPL_Limit>
	<Open_Interest>329075</Open_Interest>
	<Fut_Eq_Open_Interest>206013.55329375</Fut_Eq_Open_Interest>
	<Limit_for_Next_Day></Limit_for_Next_Day>
</MWPL>
<MWPL>
	<Date>16-DEC-2025</Date>
	<ISIN>INE237A01028</ISIN>
	<Scrip_Name>KOTAK MAHINDRA BANK LTD</Scrip_Name>
	<NSE_Symbol>KOTAKBANK</NSE_Symbol>
	<MWPL_Limit>215751979</MWPL_Limit>
	<Open_Interest>56389200</Open_Interest>
	<Fut_Eq_Open_Interest>39486903.04724</Fut_Eq_Open_Interest>
	<Limit_for_Next_Day></Limit_for_Next_Day>
</MWPL>
<MWPL>
	<Date>16-DEC-2025</Date>
	<ISIN>INE918I01026</ISIN>
	<Scrip_Name>BAJAJ FINSERV LTD.</Scrip_Name>
	<NSE_Symbol>BAJAJFINSV</NSE_Symbol>
	<MWPL_Limit>65659712</MWPL_Limit>
	<Open_Interest>27189000</Open_Interest>
	<Fut_Eq_Open_Interest>18540308.797235</Fut_Eq_Open_Interest>
	<Limit_for_Next_Day></Limit_for_Next_Day>
</MWPL>
<MWPL>
	<Date>16-DEC-2025</Date>
	<ISIN>INE003A01024</ISIN>
	<Scrip_Name>SIEMENS LTD</Scrip_Name>
	<NSE_Symbol>SIEMENS</NSE_Symbol>
	<MWPL_Limit>13354588</MWPL_Limit>
	<Open_Interest>6457500</Open_Interest>
	<Fut_Eq_Open_Interest>3170624.34404</Fut_Eq_Open_Interest>
	<Limit_for_Next_Day></Limit_for_Next_Day>
</MWPL>
<MWPL>
	<Date>16-DEC-2025</Date>
	<ISIN>INE200M01039</ISIN>
	<Scrip_Name>VARUN BEVERAGES LIMITED</Scrip_Name>
	<NSE_Symbol>VBL</NSE_Symbol>
	<MWPL_Limit>203804339</MWPL_Limit>
	<Open_Interest>81394375</Open_Interest>
	<Fut_Eq_Open_Interest>46225058.99823925</Fut_Eq_Open_Interest>
	<Limit_for_Next_Day></Limit_for_Next_Day>
</MWPL>
<MWPL>
	<Date>16-DEC-2025</Date>
	<ISIN>INE040A01034</ISIN>
	<Scrip_Name>HDFC BANK LTD</Scrip_Name>
	<NSE_Symbol>HDFCBANK</NSE_Symbol>
	<MWPL_Limit>1329733550</MWPL_Limit>
	<Open_Interest>276837550</Open_Interest>
	<Fut_Eq_Open_Interest>212127332.1931665</Fut_Eq_Open_Interest>
	<Limit_for_Next_Day></Limit_for_Next_Day>
</MWPL>
<MWPL>
	<Date>16-DEC-2025</Date>
	<ISIN>INE646L01027</ISIN>
	<Scrip_Name>INTERGLOBE AVIATION LTD</Scrip_Name>
	<NSE_Symbol>INDIGO</NSE_Symbol>
	<MWPL_Limit>32732860</MWPL_Limit>
	<Open_Interest>37018800</Open_Interest>
	<Fut_Eq_Open_Interest>12804151.5637065</Fut_Eq_Open_Interest>
	<Limit_for_Next_Day></Limit_for_Next_Day>
</MWPL>
<MWPL>
	<Date>16-DEC-2025</Date>
	<ISIN>INE226A01021</ISIN>
	<Scrip_Name>VOLTAS LTD</Scrip_Name>
	<NSE_Symbol>VOLTAS</NSE_Symbol>
	<MWPL_Limit>34594689</MWPL_Limit>
	<Open_Interest>16381500</Open_Interest>
	<Fut_Eq_Open_Interest>9041927.46744375</Fut_Eq_Open_Interest>
	<Limit_for_Next_Day></Limit_for_Next_Day>
</MWPL>
<MWPL>
	<Date>16-DEC-2025</Date>
	<ISIN>INE115A01026</ISIN>
	<Scrip_Name>LIC HOUSING FINANCE LTD</Scrip_Name>
	<NSE_Symbol>LICHSGFIN</NSE_Symbol>
	<MWPL_Limit>45183075</MWPL_Limit>
	<Open_Interest>53500000</Open_Interest>
	<Fut_Eq_Open_Interest>33120976.62543</Fut_Eq_Open_Interest>
	<Limit_for_Next_Day></Limit_for_Next_Day>
</MWPL>
<MWPL>
	<Date>16-DEC-2025</Date>
	<ISIN>INE406A01037</ISIN>
	<Scrip_Name>AUROBINDO PHARMA LTD</Scrip_Name>
	<NSE_Symbol>AUROPHARMA</NSE_Symbol>
	<MWPL_Limit>41977935</MWPL_Limit>
	<Open_Interest>30578350</Open_Interest>
	<Fut_Eq_Open_Interest>21066738.220781</Fut_Eq_Open_Interest>
	<Limit_for_Next_Day></Limit_for_Next_Day>
</MWPL>
<MWPL>
	<Date>16-DEC-2025</Date>
	<ISIN>INE129A01019</ISIN>
	<Scrip_Name>GAIL (INDIA) LTD</Scrip_Name>
	<NSE_Symbol>GAIL</NSE_Symbol>
	<MWPL_Limit>402429848</MWPL_Limit>
	<Open_Interest>209673450</Open_Interest>
	<Fut_Eq_Open_Interest>98692089.5337615</Fut_Eq_Open_Interest>
	<Limit_for_Next_Day></Limit_for_Next_Day>
</MWPL>
<MWPL>
	<Date>16-DEC-2025</Date>
	<ISIN>INE213A01029</ISIN>
	<Scrip_Name>OIL AND NATURAL GAS CORP.</Scrip_Name>
	<NSE_Symbol>ONGC</NSE_Symbol>
	<MWPL_Limit>517141211</MWPL_Limit>
	<Open_Interest>185098500</Open_Interest>
	<Fut_Eq_Open_Interest>100300011.7237425</Fut_Eq_Open_Interest>
	<Limit_for_Next_Day></Limit_for_Next_Day>
</MWPL>
<MWPL>
	<Date>16-DEC-2025</Date>
	<ISIN>INE918Z01012</ISIN>
	<Scrip_Name>KAYNES TECHNOLOGY IND LTD</Scrip_Name>
	<NSE_Symbol>KAYNES</NSE_Symbol>
	<MWPL_Limit>4667784</MWPL_Limit>
	<Open_Interest>14589700</Open_Interest>
	<Fut_Eq_Open_Interest>3358255.276047</Fut_Eq_Open_Interest>
	<Limit_for_Next_Day></Limit_for_Next_Day>
</MWPL>
<MWPL>
	<Date>16-DEC-2025</Date>
	<ISIN>INE692A01016</ISIN>
	<Scrip_Name>UNION BANK OF INDIA</Scrip_Name>
	<NSE_Symbol>UNIONBANK</NSE_Symbol>
	<MWPL_Limit>289041713</MWPL_Limit>
	<Open_Interest>138356475</Open_Interest>
	<Fut_Eq_Open_Interest>73474395.72721575</Fut_Eq_Open_Interest>
	<Limit_for_Next_Day></Limit_for_Next_Day>
</MWPL>
<MWPL>
	<Date>16-DEC-2025</Date>
	<ISIN>INE467B01029</ISIN>
	<Scrip_Name>TATA CONSULTANCY SERV LT</Scrip_Name>
	<NSE_Symbol>TCS</NSE_Symbol>
	<MWPL_Limit>123298271</MWPL_Limit>
	<Open_Interest>42010325</Open_Interest>
	<Fut_Eq_Open_Interest>24493366.9618155</Fut_Eq_Open_Interest>
	<Limit_for_Next_Day></Limit_for_Next_Day>
</MWPL>
<MWPL>
	<Date>16-DEC-2025</Date>
	<ISIN>INE239A01024</ISIN>
	<Scrip_Name>NESTLE INDIA LIMITED</Scrip_Name>
	<NSE_Symbol>NESTLEIND</NSE_Symbol>
	<MWPL_Limit>71801274</MWPL_Limit>
	<Open_Interest>25432500</Open_Interest>
	<Fut_Eq_Open_Interest>16658960.948145</Fut_Eq_Open_Interest>
	<Limit_for_Next_Day></Limit_for_Next_Day>
</MWPL>
<MWPL>
	<Date>16-DEC-2025</Date>
	<ISIN>INE102D01028</ISIN>
	<Scrip_Name>GODREJ CONSUMER PRODUCTS</Scrip_Name>
	<NSE_Symbol>GODREJCP</NSE_Symbol>
	<MWPL_Limit>58001204</MWPL_Limit>
	<Open_Interest>14190000</Open_Interest>
	<Fut_Eq_Open_Interest>9318273.31679</Fut_Eq_Open_Interest>
	<Limit_for_Next_Day></Limit_for_Next_Day>
</MWPL>
<MWPL>
	<Date>16-DEC-2025</Date>
	<ISIN>INE123W01016</ISIN>
	<Scrip_Name>SBI LIFE INSURANCE CO LTD</Scrip_Name>
	<NSE_Symbol>SBILIFE</NSE_Symbol>
	<MWPL_Limit>44735132</MWPL_Limit>
	<Open_Interest>14734125</Open_Interest>
	<Fut_Eq_Open_Interest>8689974.20313375</Fut_Eq_Open_Interest>
	<Limit_for_Next_Day></Limit_for_Next_Day>
</MWPL>
<MWPL>
	<Date>16-DEC-2025</Date>
	<ISIN>INE262H01021</ISIN>
	<Scrip_Name>PERSISTENT SYSTEMS LTD</Scrip_Name>
	<NSE_Symbol>PERSISTENT</NSE_Symbol>
	<MWPL_Limit>16151851</MWPL_Limit>
	<Open_Interest>3815800</Open_Interest>
	<Fut_Eq_Open_Interest>2197741.075944</Fut_Eq_Open_Interest>
	<Limit_for_Next_Day></Limit_for_Next_Day>
</MWPL>
<MWPL>
	<Date>16-DEC-2025</Date>
	<ISIN>INE949L01017</ISIN>
	<Scrip_Name>AU SMALL FINANCE BANK LTD</Scrip_Name>
	<NSE_Symbol>AUBANK</NSE_Symbol>
	<MWPL_Limit>86234186</MWPL_Limit>
	<Open_Interest>34214000</Open_Interest>
	<Fut_Eq_Open_Interest>20467453.7538</Fut_Eq_Open_Interest>
	<Limit_for_Next_Day></Limit_for_Next_Day>
</MWPL>
<MWPL>
	<Date>16-DEC-2025</Date>
	<ISIN>INE974X01010</ISIN>
	<Scrip_Name>TUBE INVEST OF INDIA LTD</Scrip_Name>
	<NSE_Symbol>TIINDIA</NSE_Symbol>
	<MWPL_Limit>14039249</MWPL_Limit>
	<Open_Interest>5595200</Open_Interest>
	<Fut_Eq_Open_Interest>3107200.90097</Fut_Eq_Open_Interest>
	<Limit_for_Next_Day></Limit_for_Next_Day>
</MWPL>
<MWPL>
	<Date>16-DEC-2025</Date>
	<ISIN>INE397D01024</ISIN>
	<Scrip_Name>BHARTI AIRTEL LIMITED</Scrip_Name>
	<NSE_Symbol>BHARTIARTL</NSE_Symbol>
	<MWPL_Limit>314058656</MWPL_Limit>
	<Open_Interest>74892775</Open_Interest>
	<Fut_Eq_Open_Interest>49072352.1774685</Fut_Eq_Open_Interest>
	<Limit_for_Next_Day></Limit_for_Next_Day>
</MWPL>
<MWPL>
	<Date>16-DEC-2025</Date>
	<ISIN>INE868B01028</ISIN>
	<Scrip_Name>NCC LIMITED</Scrip_Name>
	<NSE_Symbol>NCC</NSE_Symbol>
	<MWPL_Limit>72342848</MWPL_Limit>
	<Open_Interest>55358100</Open_Interest>
	<Fut_Eq_Open_Interest>22562655.825636</Fut_Eq_Open_Interest>
	<Limit_for_Next_Day></Limit_for_Next_Day>
</MWPL>
<MWPL>
	<Date>16-DEC-2025</Date>
	<ISIN>INE192A01025</ISIN>
	<Scrip_Name>TATA CONSUMER PRODUCT LTD</Scrip_Name>
	<NSE_Symbol>TATACONSUM</NSE_Symbol>
	<MWPL_Limit>65471528</MWPL_Limit>
	<Open_Interest>20744350</Open_Interest>
	<Fut_Eq_Open_Interest>12170599.5452635</Fut_Eq_Open_Interest>
	<Limit_for_Next_Day></Limit_for_Next_Day>
</MWPL>
<MWPL>
	<Date>16-DEC-2025</Date>
	<ISIN>INE326A01037</ISIN>
	<Scrip_Name>LUPIN LIMITED</Scrip_Name>
	<NSE_Symbol>LUPIN</NSE_Symbol>
	<MWPL_Limit>35341043</MWPL_Limit>
	<Open_Interest>12375150</Open_Interest>
	<Fut_Eq_Open_Interest>7376065.03481875</Fut_Eq_Open_Interest>
	<Limit_for_Next_Day></Limit_for_Next_Day>
</MWPL>
<MWPL>
	<Date>16-DEC-2025</Date>
	<ISIN>INE335Y01020</ISIN>
	<Scrip_Name>INDIAN RAIL TOUR CORP LTD</Scrip_Name>
	<NSE_Symbol>IRCTC</NSE_Symbol>
	<MWPL_Limit>30082783</MWPL_Limit>
	<Open_Interest>37235625</Open_Interest>
	<Fut_Eq_Open_Interest>18108152.06368</Fut_Eq_Open_Interest>
	<Limit_for_Next_Day></Limit_for_Next_Day>
</MWPL>
<MWPL>
	<Date>16-DEC-2025</Date>
	<ISIN>INE318A01026</ISIN>
	<Scrip_Name>PIDILITE INDUSTRIES LTD</Scrip_Name>
	<NSE_Symbol>PIDILITIND</NSE_Symbol>
	<MWPL_Limit>31170515</MWPL_Limit>
	<Open_Interest>9410500</Open_Interest>
	<Fut_Eq_Open_Interest>6906806.53284</Fut_Eq_Open_Interest>
	<Limit_for_Next_Day></Limit_for_Next_Day>
</MWPL>
<MWPL>
	<Date>16-DEC-2025</Date>
	<ISIN>INE976G01028</ISIN>
	<Scrip_Name>RBL BANK LIMITED</Scrip_Name>
	<NSE_Symbol>RBLBANK</NSE_Symbol>
	<MWPL_Limit>91351468</MWPL_Limit>
	<Open_Interest>115220750</Open_Interest>
	<Fut_Eq_Open_Interest>64163529.17493925</Fut_Eq_Open_Interest>
	<Limit_for_Next_Day></Limit_for_Next_Day>
</MWPL>
<MWPL>
	<Date>16-DEC-2025</Date>
	<ISIN>INE245A01021</ISIN>
	<Scrip_Name>TATA POWER CO LTD</Scrip_Name>
	<NSE_Symbol>TATAPOWER</NSE_Symbol>
	<MWPL_Limit>169808198</MWPL_Limit>
	<Open_Interest>122654050</Open_Interest>
	<Fut_Eq_Open_Interest>52843196.3760925</Fut_Eq_Open_Interest>
	<Limit_for_Next_Day></Limit_for_Next_Day>
</MWPL>
<MWPL>
	<Date>16-DEC-2025</Date>
	<ISIN>INE528G01035</ISIN>
	<Scrip_Name>YES BANK LIMITED</Scrip_Name>
	<NSE_Symbol>YESBANK</NSE_Symbol>
	<MWPL_Limit>3136562346</MWPL_Limit>
	<Open_Interest>1824294900</Open_Interest>
	<Fut_Eq_Open_Interest>1031195233.94999</Fut_Eq_Open_Interest>
	<Limit_for_Next_Day></Limit_for_Next_Day>
</MWPL>
<MWPL>
	<Date>16-DEC-2025</Date>
	<ISIN>INE466L01038</ISIN>
	<Scrip_Name>360 ONE WAM LIMITED</Scrip_Name>
	<NSE_Symbol>360ONE</NSE_Symbol>
	<MWPL_Limit>44660948</MWPL_Limit>
	<Open_Interest>4459000</Open_Interest>
	<Fut_Eq_Open_Interest>1803533.94662</Fut_Eq_Open_Interest>
	<Limit_for_Next_Day></Limit_for_Next_Day>
</MWPL>
<MWPL>
	<Date>16-DEC-2025</Date>
	<ISIN>INE053F01010</ISIN>
	<Scrip_Name>INDIAN RAILWAY FIN CORP L</Scrip_Name>
	<NSE_Symbol>IRFC</NSE_Symbol>
	<MWPL_Limit>226853356</MWPL_Limit>
	<Open_Interest>109671250</Open_Interest>
	<Fut_Eq_Open_Interest>44228642.1202425</Fut_Eq_Open_Interest>
	<Limit_for_Next_Day></Limit_for_Next_Day>
</MWPL>
<MWPL>
	<Date>16-DEC-2025</Date>
	<ISIN>INE415G01027</ISIN>
	<Scrip_Name>RAIL VIKAS NIGAM LIMITED</Scrip_Name>
	<NSE_Symbol>RVNL</NSE_Symbol>
	<MWPL_Limit>84941460</MWPL_Limit>
	<Open_Interest>75129825</Open_Interest>
	<Fut_Eq_Open_Interest>34344023.89996625</Fut_Eq_Open_Interest>
	<Limit_for_Next_Day></Limit_for_Next_Day>
</MWPL>
<MWPL>
	<Date>16-DEC-2025</Date>
	<ISIN>INE114A01011</ISIN>
	<Scrip_Name>STEEL AUTHORITY OF INDIA</Scrip_Name>
	<NSE_Symbol>SAIL</NSE_Symbol>
	<MWPL_Limit>216861410</MWPL_Limit>
	<Open_Interest>256521300</Open_Interest>
	<Fut_Eq_Open_Interest>154392667.449596</Fut_Eq_Open_Interest>
	<Limit_for_Next_Day></Limit_for_Next_Day>
</MWPL>
<MWPL>
	<Date>16-DEC-2025</Date>
	<ISIN>INE267A01025</ISIN>
	<Scrip_Name>HINDUSTAN ZINC LIMITED</Scrip_Name>
	<NSE_Symbol>HINDZINC</NSE_Symbol>
	<MWPL_Limit>167680340</MWPL_Limit>
	<Open_Interest>108734675</Open_Interest>
	<Fut_Eq_Open_Interest>39504783.38346225</Fut_Eq_Open_Interest>
	<Limit_for_Next_Day></Limit_for_Next_Day>
</MWPL>
<MWPL>
	<Date>16-DEC-2025</Date>
	<ISIN>INE736A01011</ISIN>
	<Scrip_Name>CENTRAL DEPO SER (I) LTD</Scrip_Name>
	<NSE_Symbol>CDSL</NSE_Symbol>
	<MWPL_Limit>26647500</MWPL_Limit>
	<Open_Interest>24817325</Open_Interest>
	<Fut_Eq_Open_Interest>9193237.84063375</Fut_Eq_Open_Interest>
	<Limit_for_Next_Day></Limit_for_Next_Day>
</MWPL>
<MWPL>
	<Date>16-DEC-2025</Date>
	<ISIN>INE603J01030</ISIN>
	<Scrip_Name>PI INDUSTRIES LTD</Scrip_Name>
	<NSE_Symbol>PIIND</NSE_Symbol>
	<MWPL_Limit>8178275</MWPL_Limit>
	<Open_Interest>4401250</Open_Interest>
	<Fut_Eq_Open_Interest>2365936.165649</Fut_Eq_Open_Interest>
	<Limit_for_Next_Day></Limit_for_Next_Day>
</MWPL>
<MWPL>
	<Date>16-DEC-2025</Date>
	<ISIN>INE670A01012</ISIN>
	<Scrip_Name>TATA ELXSI LIMITED</Scrip_Name>
	<NSE_Symbol>TATAELXSI</NSE_Symbol>
	<MWPL_Limit>4309631</MWPL_Limit>
	<Open_Interest>3971900</Open_Interest>
	<Fut_Eq_Open_Interest>1707424.675153</Fut_Eq_Open_Interest>
	<Limit_for_Next_Day></Limit_for_Next_Day>
</MWPL>
<MWPL>
	<Date>16-DEC-2025</Date>
	<ISIN>INE148O01028</ISIN>
	<Scrip_Name>DELHIVERY LIMITED</Scrip_Name>
	<NSE_Symbol>DELHIVERY</NSE_Symbol>
	<MWPL_Limit>94196226</MWPL_Limit>
	<Open_Interest>37542975</Open_Interest>
	<Fut_Eq_Open_Interest>15342645.68607275</Fut_Eq_Open_Interest>
	<Limit_for_Next_Day></Limit_for_Next_Day>
</MWPL>
<MWPL>
	<Date>16-DEC-2025</Date>
	<ISIN>INE545U01014</ISIN>
	<Scrip_Name>BANDHAN BANK LIMITED</Scrip_Name>
	<NSE_Symbol>BANDHANBNK</NSE_Symbol>
	<MWPL_Limit>142752962</MWPL_Limit>
	<Open_Interest>179164800</Open_Interest>
	<Fut_Eq_Open_Interest>106317227.189952</Fut_Eq_Open_Interest>
	<Limit_for_Next_Day></Limit_for_Next_Day>
</MWPL>
<MWPL>
	<Date>16-DEC-2025</Date>
	<ISIN>INE079A01024</ISIN>
	<Scrip_Name>AMBUJA CEMENTS LTD</Scrip_Name>
	<NSE_Symbol>AMBUJACEM</NSE_Symbol>
	<MWPL_Limit>119762774</MWPL_Limit>
	<Open_Interest>68194350</Open_Interest>
	<Fut_Eq_Open_Interest>44449064.5401075</Fut_Eq_Open_Interest>
	<Limit_for_Next_Day></Limit_for_Next_Day>
</MWPL>
<MWPL>
	<Date>16-DEC-2025</Date>
	<ISIN>INE685A01028</ISIN>
	<Scrip_Name>TORRENT PHARMACEUTICALS L</Scrip_Name>
	<NSE_Symbol>TORNTPHARM</NSE_Symbol>
	<MWPL_Limit>16072672</MWPL_Limit>
	<Open_Interest>3355500</Open_Interest>
	<Fut_Eq_Open_Interest>2420312.446675</Fut_Eq_Open_Interest>
	<Limit_for_Next_Day></Limit_for_Next_Day>
</MWPL>
<MWPL>
	<Date>16-DEC-2025</Date>
	<ISIN>INE585B01010</ISIN>
	<Scrip_Name>MARUTI SUZUKI INDIA LTD.</Scrip_Name>
	<NSE_Symbol>MARUTI</NSE_Symbol>
	<MWPL_Limit>16752897</MWPL_Limit>
	<Open_Interest>5785700</Open_Interest>
	<Fut_Eq_Open_Interest>3037947.362886</Fut_Eq_Open_Interest>
	<Limit_for_Next_Day></Limit_for_Next_Day>
</MWPL>
<MWPL>
	<Date>16-DEC-2025</Date>
	<ISIN>INE702C01027</ISIN>
	<Scrip_Name>APL APOLLO TUBES LTD</Scrip_Name>
	<NSE_Symbol>APLAPOLLO</NSE_Symbol>
	<MWPL_Limit>27232196</MWPL_Limit>
	<Open_Interest>9593850</Open_Interest>
	<Fut_Eq_Open_Interest>7311486.6993455</Fut_Eq_Open_Interest>
	<Limit_for_Next_Day></Limit_for_Next_Day>
</MWPL>
<MWPL>
	<Date>16-DEC-2025</Date>
	<ISIN>INE674K01013</ISIN>
	<Scrip_Name>ADITYA BIRLA CAPITAL LTD.</Scrip_Name>
	<NSE_Symbol>ABCAPITAL</NSE_Symbol>
	<MWPL_Limit>122316423</MWPL_Limit>
	<Open_Interest>115977200</Open_Interest>
	<Fut_Eq_Open_Interest>75982299.948327</Fut_Eq_Open_Interest>
	<Limit_for_Next_Day></Limit_for_Next_Day>
</MWPL>
<MWPL>
	<Date>16-DEC-2025</Date>
	<ISIN>INE765G01017</ISIN>
	<Scrip_Name>ICICI LOMBARD GIC LIMITED</Scrip_Name>
	<NSE_Symbol>ICICIGI</NSE_Symbol>
	<MWPL_Limit>26688038</MWPL_Limit>
	<Open_Interest>8628425</Open_Interest>
	<Fut_Eq_Open_Interest>5754350.058717</Fut_Eq_Open_Interest>
	<Limit_for_Next_Day></Limit_for_Next_Day>
</MWPL>
<MWPL>
	<Date>16-DEC-2025</Date>
	<ISIN>INE176B01034</ISIN>
	<Scrip_Name>HAVELLS INDIA LIMITED</Scrip_Name>
	<NSE_Symbol>HAVELLS</NSE_Symbol>
	<MWPL_Limit>38133766</MWPL_Limit>
	<Open_Interest>12815500</Open_Interest>
	<Fut_Eq_Open_Interest>8225598.92103</Fut_Eq_Open_Interest>
	<Limit_for_Next_Day></Limit_for_Next_Day>
</MWPL>
<MWPL>
	<Date>16-DEC-2025</Date>
	<ISIN>INE028A01039</ISIN>
	<Scrip_Name>BANK OF BARODA</Scrip_Name>
	<NSE_Symbol>BANKBARODA</NSE_Symbol>
	<MWPL_Limit>257509827</MWPL_Limit>
	<Open_Interest>178150050</Open_Interest>
	<Fut_Eq_Open_Interest>87427521.15233175</Fut_Eq_Open_Interest>
	<Limit_for_Next_Day></Limit_for_Next_Day>
</MWPL>
<MWPL>
	<Date>16-DEC-2025</Date>
	<ISIN>INE522D01027</ISIN>
	<Scrip_Name>MANAPPURAM FINANCE LTD</Scrip_Name>
	<NSE_Symbol>MANAPPURAM</NSE_Symbol>
	<MWPL_Limit>82205057</MWPL_Limit>
	<Open_Interest>68559000</Open_Interest>
	<Fut_Eq_Open_Interest>35067757.25697</Fut_Eq_Open_Interest>
	<Limit_for_Next_Day></Limit_for_Next_Day>
</MWPL>
<MWPL>
	<Date>16-DEC-2025</Date>
	<ISIN>INE811K01011</ISIN>
	<Scrip_Name>PRESTIGE ESTATE LTD</Scrip_Name>
	<NSE_Symbol>PRESTIGE</NSE_Symbol>
	<MWPL_Limit>25234534</MWPL_Limit>
	<Open_Interest>7265250</Open_Interest>
	<Fut_Eq_Open_Interest>4049993.0429685</Fut_Eq_Open_Interest>
	<Limit_for_Next_Day></Limit_for_Next_Day>
</MWPL>
<MWPL>
	<Date>16-DEC-2025</Date>
	<ISIN>INE628A01036</ISIN>
	<Scrip_Name>UPL LIMITED</Scrip_Name>
	<NSE_Symbol>UPL</NSE_Symbol>
	<MWPL_Limit>82588393</MWPL_Limit>
	<Open_Interest>50603830</Open_Interest>
	<Fut_Eq_Open_Interest>29585590.5752007</Fut_Eq_Open_Interest>
	<Limit_for_Next_Day></Limit_for_Next_Day>
</MWPL>
<MWPL>
	<Date>16-DEC-2025</Date>
	<ISIN>INE084A01016</ISIN>
	<Scrip_Name>BANK OF INDIA</Scrip_Name>
	<NSE_Symbol>BANKINDIA</NSE_Symbol>
	<MWPL_Limit>181770921</MWPL_Limit>
	<Open_Interest>94447600</Open_Interest>
	<Fut_Eq_Open_Interest>51699877.453484</Fut_Eq_Open_Interest>
	<Limit_for_Next_Day></Limit_for_Next_Day>
</MWPL>
<MWPL>
	<Date>16-DEC-2025</Date>
	<ISIN>INE775A01035</ISIN>
	<Scrip_Name>SAMVRDHNA MTHRSN INTL LTD</Scrip_Name>
	<NSE_Symbol>MOTHERSON</NSE_Symbol>
	<MWPL_Limit>542522848</MWPL_Limit>
	<Open_Interest>294990900</Open_Interest>
	<Fut_Eq_Open_Interest>181379601.578835</Fut_Eq_Open_Interest>
	<Limit_for_Next_Day></Limit_for_Next_Day>
</MWPL>
<MWPL>
	<Date>16-DEC-2025</Date>
	<ISIN>INE158A01026</ISIN>
	<Scrip_Name>HERO MOTOCORP LIMITED</Scrip_Name>
	<NSE_Symbol>HEROMOTOCO</NSE_Symbol>
	<MWPL_Limit>19579129</MWPL_Limit>
	<Open_Interest>10688100</Open_Interest>
	<Fut_Eq_Open_Interest>6106478.97615</Fut_Eq_Open_Interest>
	<Limit_for_Next_Day></Limit_for_Next_Day>
</MWPL>
<MWPL>
	<Date>16-DEC-2025</Date>
	<ISIN>INE619A01035</ISIN>
	<Scrip_Name>PATANJALI FOODS LIMITED</Scrip_Name>
	<NSE_Symbol>PATANJALI</NSE_Symbol>
	<MWPL_Limit>50840137</MWPL_Limit>
	<Open_Interest>47008800</Open_Interest>
	<Fut_Eq_Open_Interest>21984441.612849</Fut_Eq_Open_Interest>
	<Limit_for_Next_Day></Limit_for_Next_Day>
</MWPL>
<MWPL>
	<Date>16-DEC-2025</Date>
	<ISIN>INE027H01010</ISIN>
	<Scrip_Name>MAX HEALTHCARE INS LTD</Scrip_Name>
	<NSE_Symbol>MAXHEALTH</NSE_Symbol>
	<MWPL_Limit>97211768</MWPL_Limit>
	<Open_Interest>26793900</Open_Interest>
	<Fut_Eq_Open_Interest>18773931.42511425</Fut_Eq_Open_Interest>
	<Limit_for_Next_Day></Limit_for_Next_Day>
</MWPL>
<MWPL>
	<Date>16-DEC-2025</Date>
	<ISIN>INE947Q01028</ISIN>
	<Scrip_Name>LAURUS LABS LIMITED</Scrip_Name>
	<NSE_Symbol>LAURUSLABS</NSE_Symbol>
	<MWPL_Limit>58629477</MWPL_Limit>
	<Open_Interest>29526450</Open_Interest>
	<Fut_Eq_Open_Interest>14071851.7803685</Fut_Eq_Open_Interest>
	<Limit_for_Next_Day></Limit_for_Next_Day>
</MWPL>
<MWPL>
	<Date>16-DEC-2025</Date>
	<ISIN>INE776C01039</ISIN>
	<Scrip_Name>GMR AIRPORTS LIMITED</Scrip_Name>
	<NSE_Symbol>GMRAIRPORT</NSE_Symbol>
	<MWPL_Limit>534704421</MWPL_Limit>
	<Open_Interest>395566200</Open_Interest>
	<Fut_Eq_Open_Interest>162377003.749311</Fut_Eq_Open_Interest>
	<Limit_for_Next_Day></Limit_for_Next_Day>
</MWPL>
<MWPL>
	<Date>16-DEC-2025</Date>
	<ISIN>INE257A01026</ISIN>
	<Scrip_Name>BHEL</Scrip_Name>
	<NSE_Symbol>BHEL</NSE_Symbol>
	<MWPL_Limit>169029877</MWPL_Limit>
	<Open_Interest>133003500</Open_Interest>
	<Fut_Eq_Open_Interest>60938652.398085</Fut_Eq_Open_Interest>
	<Limit_for_Next_Day></Limit_for_Next_Day>
</MWPL>
<MWPL>
	<Date>16-DEC-2025</Date>
	<ISIN>INE854D01024</ISIN>
	<Scrip_Name>UNITED SPIRITS LIMITED</Scrip_Name>
	<NSE_Symbol>UNITDSPR</NSE_Symbol>
	<MWPL_Limit>47269416</MWPL_Limit>
	<Open_Interest>18464000</Open_Interest>
	<Fut_Eq_Open_Interest>11909784.860956</Fut_Eq_Open_Interest>
	<Limit_for_Next_Day></Limit_for_Next_Day>
</MWPL>
<MWPL>
	<Date>16-DEC-2025</Date>
	<ISIN>INE465A01025</ISIN>
	<Scrip_Name>BHARAT FORGE LTD</Scrip_Name>
	<NSE_Symbol>BHARATFORG</NSE_Symbol>
	<MWPL_Limit>35155737</MWPL_Limit>
	<Open_Interest>13326500</Open_Interest>
	<Fut_Eq_Open_Interest>7436151.396715</Fut_Eq_Open_Interest>
	<Limit_for_Next_Day></Limit_for_Next_Day>
</MWPL>
<MWPL>
	<Date>16-DEC-2025</Date>
	<ISIN>INE242A01010</ISIN>
	<Scrip_Name>INDIAN OIL CORP LTD</Scrip_Name>
	<NSE_Symbol>IOC</NSE_Symbol>
	<MWPL_Limit>684903861</MWPL_Limit>
	<Open_Interest>196828125</Open_Interest>
	<Fut_Eq_Open_Interest>97328330.1315</Fut_Eq_Open_Interest>
	<Limit_for_Next_Day></Limit_for_Next_Day>
</MWPL>
<MWPL>
	<Date>16-DEC-2025</Date>
	<ISIN>INE732I01013</ISIN>
	<Scrip_Name>ANGEL ONE LIMITED</Scrip_Name>
	<NSE_Symbol>ANGELONE</NSE_Symbol>
	<MWPL_Limit>9647634</MWPL_Limit>
	<Open_Interest>10683750</Open_Interest>
	<Fut_Eq_Open_Interest>3530223.6100025</Fut_Eq_Open_Interest>
	<Limit_for_Next_Day></Limit_for_Next_Day>
</MWPL>
<MWPL>
	<Date>16-DEC-2025</Date>
	<ISIN>INE018A01030</ISIN>
	<Scrip_Name>LARSEN & TOUBRO LTD.</Scrip_Name>
	<NSE_Symbol>LT</NSE_Symbol>
	<MWPL_Limit>136007303</MWPL_Limit>
	<Open_Interest>22493100</Open_Interest>
	<Fut_Eq_Open_Interest>14100962.61008575</Fut_Eq_Open_Interest>
	<Limit_for_Next_Day></Limit_for_Next_Day>
</MWPL>
<MWPL>
	<Date>16-DEC-2025</Date>
	<ISIN>INE020B01018</ISIN>
	<Scrip_Name>REC LIMITED</Scrip_Name>
	<NSE_Symbol>RECLTD</NSE_Symbol>
	<MWPL_Limit>187084550</MWPL_Limit>
	<Open_Interest>179201475</Open_Interest>
	<Fut_Eq_Open_Interest>93996409.50364025</Fut_Eq_Open_Interest>
	<Limit_for_Next_Day></Limit_for_Next_Day>
</MWPL>
<MWPL>
	<Date>16-DEC-2025</Date>
	<ISIN>INE364U01010</ISIN>
	<Scrip_Name>ADANI GREEN ENERGY LTD</Scrip_Name>
	<NSE_Symbol>ADANIGREEN</NSE_Symbol>
	<MWPL_Limit>61877951</MWPL_Limit>
	<Open_Interest>43483200</Open_Interest>
	<Fut_Eq_Open_Interest>22573270.248072</Fut_Eq_Open_Interest>
	<Limit_for_Next_Day></Limit_for_Next_Day>
</MWPL>
<MWPL>
	<Date>16-DEC-2025</Date>
	<ISIN>INE155A01022</ISIN>
	<Scrip_Name>TATA MOTORS PASS VEH LTD</Scrip_Name>
	<NSE_Symbol>TMPV</NSE_Symbol>
	<MWPL_Limit>284575867</MWPL_Limit>
	<Open_Interest>199763200</Open_Interest>
	<Fut_Eq_Open_Interest>86501938.805264</Fut_Eq_Open_Interest>
	<Limit_for_Next_Day></Limit_for_Next_Day>
</MWPL>
<MWPL>
	<Date>16-DEC-2025</Date>
	<ISIN>INE302A01020</ISIN>
	<Scrip_Name>EXIDE INDUSTRIES LTD</Scrip_Name>
	<NSE_Symbol>EXIDEIND</NSE_Symbol>
	<MWPL_Limit>68856800</MWPL_Limit>
	<Open_Interest>48727800</Open_Interest>
	<Fut_Eq_Open_Interest>25262091.308862</Fut_Eq_Open_Interest>
	<Limit_for_Next_Day></Limit_for_Next_Day>
</MWPL>
<MWPL>
	<Date>16-DEC-2025</Date>
	<ISIN>INE0DK501011</ISIN>
	<Scrip_Name>PIRAMAL PHARMA LIMITED</Scrip_Name>
	<NSE_Symbol>PPLPHARMA</NSE_Symbol>
	<MWPL_Limit>120138597</MWPL_Limit>
	<Open_Interest>53441250</Open_Interest>
	<Fut_Eq_Open_Interest>22806837.91176625</Fut_Eq_Open_Interest>
	<Limit_for_Next_Day></Limit_for_Next_Day>
</MWPL>
<MWPL>
	<Date>16-DEC-2025</Date>
	<ISIN>INE878B01027</ISIN>
	<Scrip_Name>KEI INDUSTRIES LTD.</Scrip_Name>
	<NSE_Symbol>KEI</NSE_Symbol>
	<MWPL_Limit>9313740</MWPL_Limit>
	<Open_Interest>2035075</Open_Interest>
	<Fut_Eq_Open_Interest>1056935.92031125</Fut_Eq_Open_Interest>
	<Limit_for_Next_Day></Limit_for_Next_Day>
</MWPL>
<MWPL>
	<Date>16-DEC-2025</Date>
	<ISIN>INE031A01017</ISIN>
	<Scrip_Name>HSG & URBAN DEV CORPN LTD</Scrip_Name>
	<NSE_Symbol>HUDCO</NSE_Symbol>
	<MWPL_Limit>75071250</MWPL_Limit>
	<Open_Interest>90481650</Open_Interest>
	<Fut_Eq_Open_Interest>32821587.6840405</Fut_Eq_Open_Interest>
	<Limit_for_Next_Day></Limit_for_Next_Day>
</MWPL>
<MWPL>
	<Date>16-DEC-2025</Date>
	<ISIN>INE361B01024</ISIN>
	<Scrip_Name>DIVI S LABORATORIES LTD</Scrip_Name>
	<NSE_Symbol>DIVISLAB</NSE_Symbol>
	<MWPL_Limit>16353614</MWPL_Limit>
	<Open_Interest>4523500</Open_Interest>
	<Fut_Eq_Open_Interest>2861312.429649</Fut_Eq_Open_Interest>
	<Limit_for_Next_Day></Limit_for_Next_Day>
</MWPL>
<MWPL>
	<Date>16-DEC-2025</Date>
	<ISIN>INE494B01023</ISIN>
	<Scrip_Name>TVS MOTOR COMPANY  LTD</Scrip_Name>
	<NSE_Symbol>TVSMOTOR</NSE_Symbol>
	<MWPL_Limit>35369445</MWPL_Limit>
	<Open_Interest>10922975</Open_Interest>
	<Fut_Eq_Open_Interest>7595963.6791955</Fut_Eq_Open_Interest>
	<Limit_for_Next_Day></Limit_for_Next_Day>
</MWPL>
<MWPL>
	<Date>16-DEC-2025</Date>
	<ISIN>INE139A01034</ISIN>
	<Scrip_Name>NATIONAL ALUMINIUM CO LTD</Scrip_Name>
	<NSE_Symbol>NATIONALUM</NSE_Symbol>
	<MWPL_Limit>134225816</MWPL_Limit>
	<Open_Interest>117502500</Open_Interest>
	<Fut_Eq_Open_Interest>58743820.14255</Fut_Eq_Open_Interest>
	<Limit_for_Next_Day></Limit_for_Next_Day>
</MWPL>
<MWPL>
	<Date>16-DEC-2025</Date>
	<ISIN>INE0J1Y01017</ISIN>
	<Scrip_Name>LIFE INSURA CORP OF INDIA</Scrip_Name>
	<NSE_Symbol>LICI</NSE_Symbol>
	<MWPL_Limit>32057152</MWPL_Limit>
	<Open_Interest>25022200</Open_Interest>
	<Fut_Eq_Open_Interest>10090051.9286</Fut_Eq_Open_Interest>
	<Limit_for_Next_Day></Limit_for_Next_Day>
</MWPL>
<MWPL>
	<Date>16-DEC-2025</Date>
	<ISIN>INE881D01027</ISIN>
	<Scrip_Name>ORACLE FIN SERV SOFT LTD.</Scrip_Name>
	<NSE_Symbol>OFSS</NSE_Symbol>
	<MWPL_Limit>3401732</MWPL_Limit>
	<Open_Interest>2676300</Open_Interest>
	<Fut_Eq_Open_Interest>1343544.91467075</Fut_Eq_Open_Interest>
	<Limit_for_Next_Day></Limit_for_Next_Day>
</MWPL>
<MWPL>
	<Date>16-DEC-2025</Date>
	<ISIN>INE061F01013</ISIN>
	<Scrip_Name>FORTIS HEALTHCARE LTD</Scrip_Name>
	<NSE_Symbol>FORTIS</NSE_Symbol>
	<MWPL_Limit>62490435</MWPL_Limit>
	<Open_Interest>23784750</Open_Interest>
	<Fut_Eq_Open_Interest>13727179.9482295</Fut_Eq_Open_Interest>
	<Limit_for_Next_Day></Limit_for_Next_Day>
</MWPL>
<MWPL>
	<Date>16-DEC-2025</Date>
	<ISIN>INE029A01011</ISIN>
	<Scrip_Name>BHARAT PETROLEUM CORP  LT</Scrip_Name>
	<NSE_Symbol>BPCL</NSE_Symbol>
	<MWPL_Limit>281577339</MWPL_Limit>
	<Open_Interest>58037350</Open_Interest>
	<Fut_Eq_Open_Interest>29871968.28823625</Fut_Eq_Open_Interest>
	<Limit_for_Next_Day></Limit_for_Next_Day>
</MWPL>
<MWPL>
	<Date>16-DEC-2025</Date>
	<ISIN>INE758T01015</ISIN>
	<Scrip_Name>ETERNAL LIMITED</Scrip_Name>
	<NSE_Symbol>ETERNAL</NSE_Symbol>
	<MWPL_Limit>1361988292</MWPL_Limit>
	<Open_Interest>443115400</Open_Interest>
	<Fut_Eq_Open_Interest>299269883.377796</Fut_Eq_Open_Interest>
	<Limit_for_Next_Day></Limit_for_Next_Day>
</MWPL>
<MWPL>
	<Date>16-DEC-2025</Date>
	<ISIN>INE935N01020</ISIN>
	<Scrip_Name>DIXON TECHNO (INDIA) LTD</Scrip_Name>
	<NSE_Symbol>DIXON</NSE_Symbol>
	<MWPL_Limit>6445442</MWPL_Limit>
	<Open_Interest>6960650</Open_Interest>
	<Fut_Eq_Open_Interest>2175660.999924</Fut_Eq_Open_Interest>
	<Limit_for_Next_Day></Limit_for_Next_Day>
</MWPL>
<MWPL>
	<Date>16-DEC-2025</Date>
	<ISIN>INE138Y01010</ISIN>
	<Scrip_Name>KFIN TECHNOLOGIES LIMITED</Scrip_Name>
	<NSE_Symbol>KFINTECH</NSE_Symbol>
	<MWPL_Limit>19911179</MWPL_Limit>
	<Open_Interest>8397950</Open_Interest>
	<Fut_Eq_Open_Interest>3085858.2327445</Fut_Eq_Open_Interest>
	<Limit_for_Next_Day></Limit_for_Next_Day>
</MWPL>
<MWPL>
	<Date>16-DEC-2025</Date>
	<ISIN>INE745G01035</ISIN>
	<Scrip_Name>MULTI COMMODITY EXCHANGE</Scrip_Name>
	<NSE_Symbol>MCX</NSE_Symbol>
	<MWPL_Limit>7635422</MWPL_Limit>
	<Open_Interest>7310500</Open_Interest>
	<Fut_Eq_Open_Interest>2932914.9905475</Fut_Eq_Open_Interest>
	<Limit_for_Next_Day></Limit_for_Next_Day>
</MWPL>
<MWPL>
	<Date>16-DEC-2025</Date>
	<ISIN>INE726G01019</ISIN>
	<Scrip_Name>ICICI PRU LIFE INS CO LTD</Scrip_Name>
	<NSE_Symbol>ICICIPRULI</NSE_Symbol>
	<MWPL_Limit>48653643</MWPL_Limit>
	<Open_Interest>23067650</Open_Interest>
	<Fut_Eq_Open_Interest>16550473.2448445</Fut_Eq_Open_Interest>
	<Limit_for_Next_Day></Limit_for_Next_Day>
</MWPL>
<MWPL>
	<Date>16-DEC-2025</Date>
	<ISIN>INE398R01022</ISIN>
	<Scrip_Name>SYNGENE INTERNATIONAL LTD</Scrip_Name>
	<NSE_Symbol>SYNGENE</NSE_Symbol>
	<MWPL_Limit>28408333</MWPL_Limit>
	<Open_Interest>12984000</Open_Interest>
	<Fut_Eq_Open_Interest>8383966.20756</Fut_Eq_Open_Interest>
	<Limit_for_Next_Day></Limit_for_Next_Day>
</MWPL>
<MWPL>
	<Date>16-DEC-2025</Date>
	<ISIN>INE073K01018</ISIN>
	<Scrip_Name>SONA BLW PRECISION FRGS L</Scrip_Name>
	<NSE_Symbol>SONACOMS</NSE_Symbol>
	<MWPL_Limit>67126548</MWPL_Limit>
	<Open_Interest>22813700</Open_Interest>
	<Fut_Eq_Open_Interest>13876014.03934375</Fut_Eq_Open_Interest>
	<Limit_for_Next_Day></Limit_for_Next_Day>
</MWPL>
<MWPL>
	<Date>16-DEC-2025</Date>
	<ISIN>INE540L01014</ISIN>
	<Scrip_Name>ALKEM LABORATORIES LTD.</Scrip_Name>
	<NSE_Symbol>ALKEM</NSE_Symbol>
	<MWPL_Limit>6130387</MWPL_Limit>
	<Open_Interest>1971500</Open_Interest>
	<Fut_Eq_Open_Interest>1575117.20025375</Fut_Eq_Open_Interest>
	<Limit_for_Next_Day></Limit_for_Next_Day>
</MWPL>
<MWPL>
	<Date>16-DEC-2025</Date>
	<ISIN>INE059A01026</ISIN>
	<Scrip_Name>CIPLA LTD</Scrip_Name>
	<NSE_Symbol>CIPLA</NSE_Symbol>
	<MWPL_Limit>57073940</MWPL_Limit>
	<Open_Interest>23069250</Open_Interest>
	<Fut_Eq_Open_Interest>13535806.307475</Fut_Eq_Open_Interest>
	<Limit_for_Next_Day></Limit_for_Next_Day>
</MWPL>
<MWPL>
	<Date>16-DEC-2025</Date>
	<ISIN>INE019A01038</ISIN>
	<Scrip_Name>JSW STEEL LIMITED</Scrip_Name>
	<NSE_Symbol>JSWSTEEL</NSE_Symbol>
	<MWPL_Limit>133166619</MWPL_Limit>
	<Open_Interest>78072525</Open_Interest>
	<Fut_Eq_Open_Interest>46637957.170485</Fut_Eq_Open_Interest>
	<Limit_for_Next_Day></Limit_for_Next_Day>
</MWPL>
<MWPL>
	<Date>16-DEC-2025</Date>
	<ISIN>INE388Y01029</ISIN>
	<Scrip_Name>FSN E COMMERCE VENTURES</Scrip_Name>
	<NSE_Symbol>NYKAA</NSE_Symbol>
	<MWPL_Limit>205324177</MWPL_Limit>
	<Open_Interest>85775000</Open_Interest>
	<Fut_Eq_Open_Interest>51359551.58565625</Fut_Eq_Open_Interest>
	<Limit_for_Next_Day></Limit_for_Next_Day>
</MWPL>
<MWPL>
	<Date>16-DEC-2025</Date>
	<ISIN>INE094A01015</ISIN>
	<Scrip_Name>HINDUSTAN PETROLEUM CORP</Scrip_Name>
	<NSE_Symbol>HINDPETRO</NSE_Symbol>
	<MWPL_Limit>143933168</MWPL_Limit>
	<Open_Interest>61146900</Open_Interest>
	<Fut_Eq_Open_Interest>37565125.01033625</Fut_Eq_Open_Interest>
	<Limit_for_Next_Day></Limit_for_Next_Day>
</MWPL>
<MWPL>
	<Date>16-DEC-2025</Date>
	<ISIN>INE081A01020</ISIN>
	<Scrip_Name>TATA STEEL LIMITED</Scrip_Name>
	<NSE_Symbol>TATASTEEL</NSE_Symbol>
	<MWPL_Limit>833987639</MWPL_Limit>
	<Open_Interest>498366000</Open_Interest>
	<Fut_Eq_Open_Interest>261289732.176495</Fut_Eq_Open_Interest>
	<Limit_for_Next_Day></Limit_for_Next_Day>
</MWPL>
<MWPL>
	<Date>16-DEC-2025</Date>
	<ISIN>INE669C01036</ISIN>
	<Scrip_Name>TECH MAHINDRA LIMITED</Scrip_Name>
	<NSE_Symbol>TECHM</NSE_Symbol>
	<MWPL_Limit>76137451</MWPL_Limit>
	<Open_Interest>32215800</Open_Interest>
	<Fut_Eq_Open_Interest>22206277.401798</Fut_Eq_Open_Interest>
	<Limit_for_Next_Day></Limit_for_Next_Day>
</MWPL>
<MWPL>
	<Date>16-DEC-2025</Date>
	<ISIN>INE596I01020</ISIN>
	<Scrip_Name>COMPUTER AGE MNGT SER LTD</Scrip_Name>
	<NSE_Symbol>CAMS</NSE_Symbol>
	<MWPL_Limit>37106075</MWPL_Limit>
	<Open_Interest>18279000</Open_Interest>
	<Fut_Eq_Open_Interest>8190326.1826875</Fut_Eq_Open_Interest>
	<Limit_for_Next_Day></Limit_for_Next_Day>
</MWPL>
<MWPL>
	<Date>16-DEC-2025</Date>
	<ISIN>INE259A01022</ISIN>
	<Scrip_Name>COLGATE PALMOLIVE LTD.</Scrip_Name>
	<NSE_Symbol>COLPAL</NSE_Symbol>
	<MWPL_Limit>19990944</MWPL_Limit>
	<Open_Interest>10383750</Open_Interest>
	<Fut_Eq_Open_Interest>5931837.59074875</Fut_Eq_Open_Interest>
	<Limit_for_Next_Day></Limit_for_Next_Day>
</MWPL>
<MWPL>
	<Date>16-DEC-2025</Date>
	<ISIN>INE067A01029</ISIN>
	<Scrip_Name>CG POWER AND IND SOL LTD</Scrip_Name>
	<NSE_Symbol>CGPOWER</NSE_Symbol>
	<MWPL_Limit>100245792</MWPL_Limit>
	<Open_Interest>26462200</Open_Interest>
	<Fut_Eq_Open_Interest>14101394.297094</Fut_Eq_Open_Interest>
	<Limit_for_Next_Day></Limit_for_Next_Day>
</MWPL>
<MWPL>
	<Date>16-DEC-2025</Date>
	<ISIN>INE423A01024</ISIN>
	<Scrip_Name>ADANI ENTERPRISES LIMITED</Scrip_Name>
	<NSE_Symbol>ADANIENT</NSE_Symbol>
	<MWPL_Limit>30942206</MWPL_Limit>
	<Open_Interest>43331997</Open_Interest>
	<Fut_Eq_Open_Interest>19589512.90485666</Fut_Eq_Open_Interest>
	<Limit_for_Next_Day></Limit_for_Next_Day>
</MWPL>
<MWPL>
	<Date>16-DEC-2025</Date>
	<ISIN>INE742F01042</ISIN>
	<Scrip_Name>ADANI PORT & SEZ LTD</Scrip_Name>
	<NSE_Symbol>ADANIPORTS</NSE_Symbol>
	<MWPL_Limit>73799006</MWPL_Limit>
	<Open_Interest>36386900</Open_Interest>
	<Fut_Eq_Open_Interest>22999331.17047925</Fut_Eq_Open_Interest>
	<Limit_for_Next_Day></Limit_for_Next_Day>
</MWPL>
<MWPL>
	<Date>16-DEC-2025</Date>
	<ISIN>INE196A01026</ISIN>
	<Scrip_Name>MARICO LIMITED</Scrip_Name>
	<NSE_Symbol>MARICO</NSE_Symbol>
	<MWPL_Limit>79408529</MWPL_Limit>
	<Open_Interest>43766400</Open_Interest>
	<Fut_Eq_Open_Interest>34572794.8269</Fut_Eq_Open_Interest>
	<Limit_for_Next_Day></Limit_for_Next_Day>
</MWPL>
<MWPL>
	<Date>16-DEC-2025</Date>
	<ISIN>INE030A01027</ISIN>
	<Scrip_Name>HINDUSTAN UNILEVER LTD.</Scrip_Name>
	<NSE_Symbol>HINDUNILVR</NSE_Symbol>
	<MWPL_Limit>89517840</MWPL_Limit>
	<Open_Interest>19942500</Open_Interest>
	<Fut_Eq_Open_Interest>10046346.728778</Fut_Eq_Open_Interest>
	<Limit_for_Next_Day></Limit_for_Next_Day>
</MWPL>
<MWPL>
	<Date>16-DEC-2025</Date>
	<ISIN>INE498L01015</ISIN>
	<Scrip_Name>L&T FINANCE LIMITED</Scrip_Name>
	<NSE_Symbol>LTF</NSE_Symbol>
	<MWPL_Limit>126777205</MWPL_Limit>
	<Open_Interest>95749580</Open_Interest>
	<Fut_Eq_Open_Interest>40533973.73838494</Fut_Eq_Open_Interest>
	<Limit_for_Next_Day></Limit_for_Next_Day>
</MWPL>
<MWPL>
	<Date>16-DEC-2025</Date>
	<ISIN>INE472A01039</ISIN>
	<Scrip_Name>BLUE STAR LIMITED</Scrip_Name>
	<NSE_Symbol>BLUESTARCO</NSE_Symbol>
	<MWPL_Limit>19584741</MWPL_Limit>
	<Open_Interest>3368625</Open_Interest>
	<Fut_Eq_Open_Interest>1997903.9380365</Fut_Eq_Open_Interest>
	<Limit_for_Next_Day></Limit_for_Next_Day>
</MWPL>
<MWPL>
	<Date>16-DEC-2025</Date>
	<ISIN>INE101A01026</ISIN>
	<Scrip_Name>MAHINDRA & MAHINDRA LTD</Scrip_Name>
	<NSE_Symbol>M&M</NSE_Symbol>
	<MWPL_Limit>100261459</MWPL_Limit>
	<Open_Interest>28400400</Open_Interest>
	<Fut_Eq_Open_Interest>18588609.908004</Fut_Eq_Open_Interest>
	<Limit_for_Next_Day></Limit_for_Next_Day>
</MWPL>
<MWPL>
	<Date>16-DEC-2025</Date>
	<ISIN>INE530B01024</ISIN>
	<Scrip_Name>IIFL FINANCE LIMITED</Scrip_Name>
	<NSE_Symbol>IIFL</NSE_Symbol>
	<MWPL_Limit>47888370</MWPL_Limit>
	<Open_Interest>23284800</Open_Interest>
	<Fut_Eq_Open_Interest>11421019.509636</Fut_Eq_Open_Interest>
	<Limit_for_Next_Day></Limit_for_Next_Day>
</MWPL>
<MWPL>
	<Date>16-DEC-2025</Date>
	<ISIN>INE298A01020</ISIN>
	<Scrip_Name>CUMMINS INDIA LTD</Scrip_Name>
	<NSE_Symbol>CUMMINSIND</NSE_Symbol>
	<MWPL_Limit>20374200</MWPL_Limit>
	<Open_Interest>4483600</Open_Interest>
	<Fut_Eq_Open_Interest>2951457.985162</Fut_Eq_Open_Interest>
	<Limit_for_Next_Day></Limit_for_Next_Day>
</MWPL>
</MWPL_Viols>
