Date, ISIN, Scrip Name, NSE Symbol, MWPL, NCL Open Interest ,NCL FutEq OI
16-DEC-2025,INE417T01026,PB FINTECH LIMITED,POLICYBZR,51720057,12031600,6434190.277081
16-DEC-2025,INE171A01029,FEDERAL BANK LTD,FEDERALBNK,338654719,148000000,68575062.65105
16-DEC-2025,INE211B01039,THE PHOENIX MILLS LTD,PHOENIXLTD,28283155,5260150,2956146.87088
16-DEC-2025,INE216A01030,BRITANNIA INDUSTRIES LTD,BRITANNIA,13082978,4615375,2826343.93522625
16-DEC-2025,INE758E01017,JIO FIN SERVICES LTD,JIOFIN,446457456,266151600,150648802.220549
16-DEC-2025,INE935A01035,GLENMARK PHARMACEUTICALS,GLENMARK,22585180,21526500,12504199.44680625
16-DEC-2025,INE07Y701011,HITACHI ENERGY INDIA LTD,POWERINDIA,1917916,996650,290930.5064195
16-DEC-2025,INE584A01023,NMDC LTD.,NMDC,517037525,500411250,281405164.2897375
16-DEC-2025,INE195A01028,SUPREME INDUSTRIES LTD,SUPREMEIND,7242074,4427850,1977557.41450925
16-DEC-2025,INE180A01020,MAX FINANCIAL SERV LTD,MFSL,34712157,10687600,7901194.27266
16-DEC-2025,INE136B01020,CYIENT LIMITED,CYIENT,12039544,5172250,3091586.7197035
16-DEC-2025,INE053A01029,THE INDIAN HOTELS CO. LTD,INDHOTEL,111956321,41651000,26184563.91916
16-DEC-2025,INE733E01010,NTPC LTD,NTPC,572782298,147163500,91921368.719205
16-DEC-2025,INE205A01025,VEDANTA LIMITED,VEDL,255091106,205771800,109451024.8030785
16-DEC-2025,INE010B01027,ZYDUS LIFESCIENCES LTD,ZYDUSLIFE,32617803,18691200,10599638.682375
16-DEC-2025,INE860A01027,HCL TECHNOLOGIES LTD,HCLTECH,145993539,28258650,17442320.682024
16-DEC-2025,INE749A01030,JINDAL STEEL LIMITED,JINDALSTEL,54776702,21213750,12026510.6511
16-DEC-2025,INE021A01026,ASIAN PAINTS LIMITED,ASIANPAINT,52357280,24756250,11984112.3172725
16-DEC-2025,INE038A01020,HINDALCO  INDUSTRIES  LTD,HINDALCO,176136372,103584600,72954653.254728
16-DEC-2025,INE615H01020,TITAGARH RAIL SYSTEMS LTD,TITAGARH,12028036,10493650,5180174.35574525
16-DEC-2025,INE171Z01026,BHARAT DYNAMICS LIMITED,BDL,13786716,14084875,4578016.1984945
16-DEC-2025,INE208A01029,ASHOK LEYLAND LTD,ASHOKLEY,409181558,281570000,139318293.02625
16-DEC-2025,INE522F01014,COAL INDIA LTD,COALINDIA,227199238,92851650,53691895.502775
16-DEC-2025,INE457L01029,PG ELECTROPLAST LTD,PGEL,23897684,23928250,7963662.565655
16-DEC-2025,INE018E01016,SBI CARDS & PAY SER LTD,SBICARD,39583537,26600800,15194070.524488
16-DEC-2025,INE761H01022,PAGE INDUSTRIES LTD,PAGEIND,955549,429060,245359.74349395
16-DEC-2025,INE752E01010,POWER GRID CORP. LTD.,POWERGRID,488832949,135874700,78904066.817886
16-DEC-2025,INE634S01028,MANKIND PHARMA LIMITED,MANKIND,16915220,4212225,2650904.70629625
16-DEC-2025,INE066A01021,EICHER MOTORS LTD,EICHERMOT,20353850,7760425,3316807.8075575
16-DEC-2025,INE271C01023,DLF LIMITED,DLF,83667734,84844650,48122356.7287485
16-DEC-2025,INE148I01020,SAMMAAN CAPITAL LIMITED,SAMMAANCAP,122326971,184431300,86894612.635946
16-DEC-2025,INE04I401011,KPIT TECHNOLOGIES LIMITED,KPITTECH,24568295,7749525,3504205.4907525
16-DEC-2025,INE142M01025,TATA TECHNOLOGIES LIMITED,TATATECH,27246569,22074400,10266119.773048
16-DEC-2025,INE202E01016,INDIAN RENEWABLE ENERGY,IREDA,119011160,105783900,45227938.8259755
16-DEC-2025,INE455K01017,POLYCAB INDIA LIMITED,POLYCAB,8350688,3104750,1907529.19365125
16-DEC-2025,INE002A01018,RELIANCE INDUSTRIES LTD,RELIANCE,662701060,174327500,102881622.553245
16-DEC-2025,INE134E01011,POWER FIN CORP LTD.,PFC,203602113,163978100,79993632.430582
16-DEC-2025,INE040H01021,SUZLON ENERGY LIMITED,SUZLON,1813533848,554093600,249525584.1325155
16-DEC-2025,INE044A01036,SUN PHARMACEUTICAL IND L,SUNPHARMA,109220043,23888550,15537099.4096675
16-DEC-2025,INE376G01013,BIOCON LIMITED.,BIOCON,90981174,96632500,43959351.70465
16-DEC-2025,INE062A01020,STATE BANK OF INDIA,SBIN,407307212,157087500,76355198.7610275
16-DEC-2025,INE476A01022,CANARA BANK,CANBK,504315430,340368750,134280468.5378625
16-DEC-2025,INE117A01022,ABB INDIA LIMITED,ABB,7946564,3932125,2264727.8559625
16-DEC-2025,INE531F01015,NUVAMA WEALTH MANAGE LTD,NUVAMA,2444664,817000,374915.195845
16-DEC-2025,INE121A01024,CHOLAMANDALAM IN & FIN CO,CHOLAFIN,63212268,19688125,12147890.32746875
16-DEC-2025,INE548A01028,HFCL LIMITED,HFCL,147979599,210224850,91221337.550595
16-DEC-2025,INE070A01015,SHREE CEMENT LIMITED,SHREECEM,1548028,524400,303452.8444285
16-DEC-2025,INE813H01021,TORRENT POWER LTD,TORNTPOWER,24646022,4771400,2704900.95153175
16-DEC-2025,INE982J01020,ONE 97 COMMUNICATIONS LTD,PAYTM,95715382,33365950,17614031.82406125
16-DEC-2025,INE095N01031,NBCC (INDIA) LIMITED,NBCC,154894704,153413000,84704365.433155
16-DEC-2025,INE299U01018,CROMPT GREA CON ELEC LTD,CROMPTON,81400589,91071000,51822078.746634
16-DEC-2025,INE562A01011,INDIAN BANK,INDIANB,52862157,28483000,11958859.09041
16-DEC-2025,INE160A01022,PUNJAB NATIONAL BANK,PNB,447910372,522304000,231752693.12584
16-DEC-2025,INE047A01021,GRASIM INDUSTRIES LTD,GRASIM,38514157,20378750,12714676.11942
16-DEC-2025,INE089A01031,DR. REDDY S LABORATORIES,DRREDDY,61006521,23376875,12723257.33419375
16-DEC-2025,INE016A01026,DABUR INDIA LTD,DABUR,89873278,40898750,18897461.940475
16-DEC-2025,INE075A01022,WIPRO LTD,WIPRO,292948819,197523000,108066456.67371
16-DEC-2025,INE238A01034,AXIS BANK LIMITED,AXISBANK,316147681,130621875,77644365.97341875
16-DEC-2025,INE414G01012,MUTHOOT FINANCE LIMITED,MUTHOOTFIN,16050690,7890025,3334833.854627
16-DEC-2025,INE111A01025,CONTAINER CORP OF IND LTD,CONCOR,48077012,62162500,36106568.791525
16-DEC-2025,INE303R01014,KALYAN JEWELLERS IND LTD,KALYANKJIL,57552009,49963350,30072168.575462
16-DEC-2025,INE280A01028,TITAN COMPANY LIMITED,TITAN,41744334,15286425,9598048.10217925
16-DEC-2025,INE849A01020,TRENT LTD,TRENT,33590487,16826600,8801156.689583
16-DEC-2025,INE121E01018,JSW ENERGY LIMITED,JSWENERGY,80203755,73266000,44257737.39038
16-DEC-2025,INE647A01010,SRF LTD,SRF,21205300,6784600,3550240.230314
16-DEC-2025,INE917I01010,BAJAJ AUTO LIMITED,BAJAJ-AUTO,12547731,6631725,3353128.34122575
16-DEC-2025,INE296A01032,BAJAJ FINANCE LIMITED,BAJFINANCE,281116345,136529250,87758734.8303375
16-DEC-2025,INE093I01010,OBEROI REALTY LIMITED,OBEROIRLTY,17614093,7962150,4341485.2675425
16-DEC-2025,INE663F01032,INFO EDGE (I) LTD,NAUKRI,60530911,13275000,8081438.54572125
16-DEC-2025,INE669E01016,VODAFONE IDEA LIMITED,IDEA,8713529091,10556428650,6040603297.49415825
16-DEC-2025,INE797F01020,JUBILANT FOODWORKS LTD,JUBLFOOD,48884739,40717500,21342016.5523375
16-DEC-2025,INE249Z01020,MAZAGON DOCK SHIPBUIL LTD,MAZDOCK,11364224,10202000,4544452.923987
16-DEC-2025,INE481G01011,ULTRATECH CEMENT LIMITED,ULTRACEMCO,11962066,4349100,2862853.3642125
16-DEC-2025,INE263A01024,BHARAT ELECTRONICS LTD,BEL,535778534,249158400,117734464.821843
16-DEC-2025,INE343H01029,SOLAR INDUSTRIES (I) LTD,SOLARINDS,3644817,2058225,964260.40241275
16-DEC-2025,INE009A01021,INFOSYS LIMITED,INFY,341789333,112404000,70472272.276364
16-DEC-2025,INE572E01012,PNB HOUSING FIN LTD.,PNBHOUSING,28062406,28651350,15650232.319397
16-DEC-2025,INE931S01010,ADANI ENERGY SOLUTION LTD,ADANIENSOL,51907388,24074550,16339359.83036625
16-DEC-2025,INE127D01025,HDFC AMC LIMITED,HDFCAMC,30518916,8133600,4776392.051181
16-DEC-2025,INE092T01019,IDFC FIRST BANK LIMITED,IDFCFIRSTB,761294821,572017075,341546798.6071855
16-DEC-2025,INE118H01025,BSE LIMITED,BSE,48385387,33108375,12156121.09428375
16-DEC-2025,INE090A01021,ICICI BANK LTD.,ICICIBANK,579785172,175826700,114289518.191996
16-DEC-2025,INE214T01019,LTIMINDTREE LIMITED,LTIM,9315942,3789450,2128978.223094
16-DEC-2025,INE347G01014,PETRONET LNG LIMITED,PETRONET,93668136,81210500,38293905.85012
16-DEC-2025,INE022Q01020,INDIAN ENERGY EXC LTD,IEX,133395043,133492500,53590813.6952625
16-DEC-2025,INE371P01015,AMBER ENTERPRISES (I) LTD,AMBER,3067454,2931400,940748.692944
16-DEC-2025,INE795G01014,HDFC LIFE INS CO LTD,HDFCLIFE,119296253,60313000,30877342.21847
16-DEC-2025,INE721A01047,SHRIRAM FINANCE LIMITED,SHRIRAMFIN,210459276,95297400,61971883.85496075
16-DEC-2025,INE066P01011,INOX WIND LIMITED,INOXWIND,144708707,155778727,77348916.95875296
16-DEC-2025,INE437A01024,APOLLO HOSPITALS ENTER. L,APOLLOHOSP,15240043,6363375,3328951.91574
16-DEC-2025,INE192R01011,AVENUE SUPERMARTS LIMITED,DMART,22136392,9141000,4971757.5611145
16-DEC-2025,INE670K01029,LODHA DEVELOPERS LIMITED,LODHA,42060143,19615050,12494283.1434315
16-DEC-2025,INE356A01018,MPHASIS LIMITED,MPHASIS,14652855,8641875,6240237.209019
16-DEC-2025,INE121J01017,INDUS TOWERS LIMITED,INDUSTOWER,197705578,125186300,77447562.264852
16-DEC-2025,INE274J01014,OIL INDIA LTD,OIL,94123587,21207200,11157688.486182
16-DEC-2025,INE591G01025,COFORGE LIMITED,COFORGE,50163899,22696125,12866262.75219375
16-DEC-2025,INE066F01020,HINDUSTAN AERONAUTICS LTD,HAL,28450886,23107200,9774402.381015
16-DEC-2025,INE848E01016,NHPC LTD,NHPC,398201603,140505600,71015046.061248
16-DEC-2025,INE095A01012,INDUSIND BANK LIMITED,INDUSINDBK,93805784,70447300,44615723.365367
16-DEC-2025,INE00R701025,DALMIA BHARAT LIMITED,DALBHARAT,12425041,4584450,2213946.6057215
16-DEC-2025,INE154A01025,ITC LTD,ITC,1251412841,268768000,171211708.745696
16-DEC-2025,INE006I01046,ASTRAL LIMITED,ASTRAL,18495534,13027100,6999514.019022
16-DEC-2025,INE405E01023,UNO MINDA LIMITED,UNOMINDA,22813802,8599800,4419465.665428
16-DEC-2025,INE484J01027,GODREJ PROPERTIES LTD,GODREJPROP,24082879,14082750,8817332.53180175
16-DEC-2025,INE323A01026,BOSCH LIMITED,BOSCHLTD,982526,329075,206013.55329375
16-DEC-2025,INE237A01028,KOTAK MAHINDRA BANK LTD,KOTAKBANK,215751979,56389200,39486903.04724
16-DEC-2025,INE918I01026,BAJAJ FINSERV LTD.,BAJAJFINSV,65659712,27189000,18540308.797235
16-DEC-2025,INE003A01024,SIEMENS LTD,SIEMENS,13354588,6457500,3170624.34404
16-DEC-2025,INE200M01039,VARUN BEVERAGES LIMITED,VBL,203804339,81394375,46225058.99823925
16-DEC-2025,INE040A01034,HDFC BANK LTD,HDFCBANK,1329733550,276837550,212127332.1931665
16-DEC-2025,INE646L01027,INTERGLOBE AVIATION LTD,INDIGO,32732860,37018800,12804151.5637065
16-DEC-2025,INE226A01021,VOLTAS LTD,VOLTAS,34594689,16381500,9041927.46744375
16-DEC-2025,INE115A01026,LIC HOUSING FINANCE LTD,LICHSGFIN,45183075,53500000,33120976.62543
16-DEC-2025,INE406A01037,AUROBINDO PHARMA LTD,AUROPHARMA,41977935,30578350,21066738.220781
16-DEC-2025,INE129A01019,GAIL (INDIA) LTD,GAIL,402429848,209673450,98692089.5337615
16-DEC-2025,INE213A01029,OIL AND NATURAL GAS CORP.,ONGC,517141211,185098500,100300011.7237425
16-DEC-2025,INE918Z01012,KAYNES TECHNOLOGY IND LTD,KAYNES,4667784,14589700,3358255.276047
16-DEC-2025,INE692A01016,UNION BANK OF INDIA,UNIONBANK,289041713,138356475,73474395.72721575
16-DEC-2025,INE467B01029,TATA CONSULTANCY SERV LT,TCS,123298271,42010325,24493366.9618155
16-DEC-2025,INE239A01024,NESTLE INDIA LIMITED,NESTLEIND,71801274,25432500,16658960.948145
16-DEC-2025,INE102D01028,GODREJ CONSUMER PRODUCTS,GODREJCP,58001204,14190000,9318273.31679
16-DEC-2025,INE123W01016,SBI LIFE INSURANCE CO LTD,SBILIFE,44735132,14734125,8689974.20313375
16-DEC-2025,INE262H01021,PERSISTENT SYSTEMS LTD,PERSISTENT,16151851,3815800,2197741.075944
16-DEC-2025,INE949L01017,AU SMALL FINANCE BANK LTD,AUBANK,86234186,34214000,20467453.7538
16-DEC-2025,INE974X01010,TUBE INVEST OF INDIA LTD,TIINDIA,14039249,5595200,3107200.90097
16-DEC-2025,INE397D01024,BHARTI AIRTEL LIMITED,BHARTIARTL,314058656,74892775,49072352.1774685
16-DEC-2025,INE868B01028,NCC LIMITED,NCC,72342848,55358100,22562655.825636
16-DEC-2025,INE192A01025,TATA CONSUMER PRODUCT LTD,TATACONSUM,65471528,20744350,12170599.5452635
16-DEC-2025,INE326A01037,LUPIN LIMITED,LUPIN,35341043,12375150,7376065.03481875
16-DEC-2025,INE335Y01020,INDIAN RAIL TOUR CORP LTD,IRCTC,30082783,37235625,18108152.06368
16-DEC-2025,INE318A01026,PIDILITE INDUSTRIES LTD,PIDILITIND,31170515,9410500,6906806.53284
16-DEC-2025,INE976G01028,RBL BANK LIMITED,RBLBANK,91351468,115220750,64163529.17493925
16-DEC-2025,INE245A01021,TATA POWER CO LTD,TATAPOWER,169808198,122654050,52843196.3760925
16-DEC-2025,INE528G01035,YES BANK LIMITED,YESBANK,3136562346,1824294900,1031195233.94999
16-DEC-2025,INE466L01038,360 ONE WAM LIMITED,360ONE,44660948,4459000,1803533.94662
16-DEC-2025,INE053F01010,INDIAN RAILWAY FIN CORP L,IRFC,226853356,109671250,44228642.1202425
16-DEC-2025,INE415G01027,RAIL VIKAS NIGAM LIMITED,RVNL,84941460,75129825,34344023.89996625
16-DEC-2025,INE114A01011,STEEL AUTHORITY OF INDIA,SAIL,216861410,256521300,154392667.449596
16-DEC-2025,INE267A01025,HINDUSTAN ZINC LIMITED,HINDZINC,167680340,108734675,39504783.38346225
16-DEC-2025,INE736A01011,CENTRAL DEPO SER (I) LTD,CDSL,26647500,24817325,9193237.84063375
16-DEC-2025,INE603J01030,PI INDUSTRIES LTD,PIIND,8178275,4401250,2365936.165649
16-DEC-2025,INE670A01012,TATA ELXSI LIMITED,TATAELXSI,4309631,3971900,1707424.675153
16-DEC-2025,INE148O01028,DELHIVERY LIMITED,DELHIVERY,94196226,37542975,15342645.68607275
16-DEC-2025,INE545U01014,BANDHAN BANK LIMITED,BANDHANBNK,142752962,179164800,106317227.189952
16-DEC-2025,INE079A01024,AMBUJA CEMENTS LTD,AMBUJACEM,119762774,68194350,44449064.5401075
16-DEC-2025,INE685A01028,TORRENT PHARMACEUTICALS L,TORNTPHARM,16072672,3355500,2420312.446675
16-DEC-2025,INE585B01010,MARUTI SUZUKI INDIA LTD.,MARUTI,16752897,5785700,3037947.362886
16-DEC-2025,INE702C01027,APL APOLLO TUBES LTD,APLAPOLLO,27232196,9593850,7311486.6993455
16-DEC-2025,INE674K01013,ADITYA BIRLA CAPITAL LTD.,ABCAPITAL,122316423,115977200,75982299.948327
16-DEC-2025,INE765G01017,ICICI LOMBARD GIC LIMITED,ICICIGI,26688038,8628425,5754350.058717
16-DEC-2025,INE176B01034,HAVELLS INDIA LIMITED,HAVELLS,38133766,12815500,8225598.92103
16-DEC-2025,INE028A01039,BANK OF BARODA,BANKBARODA,257509827,178150050,87427521.15233175
16-DEC-2025,INE522D01027,MANAPPURAM FINANCE LTD,MANAPPURAM,82205057,68559000,35067757.25697
16-DEC-2025,INE811K01011,PRESTIGE ESTATE LTD,PRESTIGE,25234534,7265250,4049993.0429685
16-DEC-2025,INE628A01036,UPL LIMITED,UPL,82588393,50603830,29585590.5752007
16-DEC-2025,INE084A01016,BANK OF INDIA,BANKINDIA,181770921,94447600,51699877.453484
16-DEC-2025,INE775A01035,SAMVRDHNA MTHRSN INTL LTD,MOTHERSON,542522848,294990900,181379601.578835
16-DEC-2025,INE158A01026,HERO MOTOCORP LIMITED,HEROMOTOCO,19579129,10688100,6106478.97615
16-DEC-2025,INE619A01035,PATANJALI FOODS LIMITED,PATANJALI,50840137,47008800,21984441.612849
16-DEC-2025,INE027H01010,MAX HEALTHCARE INS LTD,MAXHEALTH,97211768,26793900,18773931.42511425
16-DEC-2025,INE947Q01028,LAURUS LABS LIMITED,LAURUSLABS,58629477,29526450,14071851.7803685
16-DEC-2025,INE776C01039,GMR AIRPORTS LIMITED,GMRAIRPORT,534704421,395566200,162377003.749311
16-DEC-2025,INE257A01026,BHEL,BHEL,169029877,133003500,60938652.398085
16-DEC-2025,INE854D01024,UNITED SPIRITS LIMITED,UNITDSPR,47269416,18464000,11909784.860956
16-DEC-2025,INE465A01025,BHARAT FORGE LTD,BHARATFORG,35155737,13326500,7436151.396715
16-DEC-2025,INE242A01010,INDIAN OIL CORP LTD,IOC,684903861,196828125,97328330.1315
16-DEC-2025,INE732I01013,ANGEL ONE LIMITED,ANGELONE,9647634,10683750,3530223.6100025
16-DEC-2025,INE018A01030,LARSEN & TOUBRO LTD.,LT,136007303,22493100,14100962.61008575
16-DEC-2025,INE020B01018,REC LIMITED,RECLTD,187084550,179201475,93996409.50364025
16-DEC-2025,INE364U01010,ADANI GREEN ENERGY LTD,ADANIGREEN,61877951,43483200,22573270.248072
16-DEC-2025,INE155A01022,TATA MOTORS PASS VEH LTD,TMPV,284575867,199763200,86501938.805264
16-DEC-2025,INE302A01020,EXIDE INDUSTRIES LTD,EXIDEIND,68856800,48727800,25262091.308862
16-DEC-2025,INE0DK501011,PIRAMAL PHARMA LIMITED,PPLPHARMA,120138597,53441250,22806837.91176625
16-DEC-2025,INE878B01027,KEI INDUSTRIES LTD.,KEI,9313740,2035075,1056935.92031125
16-DEC-2025,INE031A01017,HSG & URBAN DEV CORPN LTD,HUDCO,75071250,90481650,32821587.6840405
16-DEC-2025,INE361B01024,DIVI S LABORATORIES LTD,DIVISLAB,16353614,4523500,2861312.429649
16-DEC-2025,INE494B01023,TVS MOTOR COMPANY  LTD,TVSMOTOR,35369445,10922975,7595963.6791955
16-DEC-2025,INE139A01034,NATIONAL ALUMINIUM CO LTD,NATIONALUM,134225816,117502500,58743820.14255
16-DEC-2025,INE0J1Y01017,LIFE INSURA CORP OF INDIA,LICI,32057152,25022200,10090051.9286
16-DEC-2025,INE881D01027,ORACLE FIN SERV SOFT LTD.,OFSS,3401732,2676300,1343544.91467075
16-DEC-2025,INE061F01013,FORTIS HEALTHCARE LTD,FORTIS,62490435,23784750,13727179.9482295
16-DEC-2025,INE029A01011,BHARAT PETROLEUM CORP  LT,BPCL,281577339,58037350,29871968.28823625
16-DEC-2025,INE758T01015,ETERNAL LIMITED,ETERNAL,1361988292,443115400,299269883.377796
16-DEC-2025,INE935N01020,DIXON TECHNO (INDIA) LTD,DIXON,6445442,6960650,2175660.999924
16-DEC-2025,INE138Y01010,KFIN TECHNOLOGIES LIMITED,KFINTECH,19911179,8397950,3085858.2327445
16-DEC-2025,INE745G01035,MULTI COMMODITY EXCHANGE,MCX,7635422,7310500,2932914.9905475
16-DEC-2025,INE726G01019,ICICI PRU LIFE INS CO LTD,ICICIPRULI,48653643,23067650,16550473.2448445
16-DEC-2025,INE398R01022,SYNGENE INTERNATIONAL LTD,SYNGENE,28408333,12984000,8383966.20756
16-DEC-2025,INE073K01018,SONA BLW PRECISION FRGS L,SONACOMS,67126548,22813700,13876014.03934375
16-DEC-2025,INE540L01014,ALKEM LABORATORIES LTD.,ALKEM,6130387,1971500,1575117.20025375
16-DEC-2025,INE059A01026,CIPLA LTD,CIPLA,57073940,23069250,13535806.307475
16-DEC-2025,INE019A01038,JSW STEEL LIMITED,JSWSTEEL,133166619,78072525,46637957.170485
16-DEC-2025,INE388Y01029,FSN E COMMERCE VENTURES,NYKAA,205324177,85775000,51359551.58565625
16-DEC-2025,INE094A01015,HINDUSTAN PETROLEUM CORP,HINDPETRO,143933168,61146900,37565125.01033625
16-DEC-2025,INE081A01020,TATA STEEL LIMITED,TATASTEEL,833987639,498366000,261289732.176495
16-DEC-2025,INE669C01036,TECH MAHINDRA LIMITED,TECHM,76137451,32215800,22206277.401798
16-DEC-2025,INE596I01020,COMPUTER AGE MNGT SER LTD,CAMS,37106075,18279000,8190326.1826875
16-DEC-2025,INE259A01022,COLGATE PALMOLIVE LTD.,COLPAL,19990944,10383750,5931837.59074875
16-DEC-2025,INE067A01029,CG POWER AND IND SOL LTD,CGPOWER,100245792,26462200,14101394.297094
16-DEC-2025,INE423A01024,ADANI ENTERPRISES LIMITED,ADANIENT,30942206,43331997,19589512.90485666
16-DEC-2025,INE742F01042,ADANI PORT & SEZ LTD,ADANIPORTS,73799006,36386900,22999331.17047925
16-DEC-2025,INE196A01026,MARICO LIMITED,MARICO,79408529,43766400,34572794.8269
16-DEC-2025,INE030A01027,HINDUSTAN UNILEVER LTD.,HINDUNILVR,89517840,19942500,10046346.728778
16-DEC-2025,INE498L01015,L&T FINANCE LIMITED,LTF,126777205,95749580,40533973.73838494
16-DEC-2025,INE472A01039,BLUE STAR LIMITED,BLUESTARCO,19584741,3368625,1997903.9380365
16-DEC-2025,INE101A01026,MAHINDRA & MAHINDRA LTD,M&M,100261459,28400400,18588609.908004
16-DEC-2025,INE530B01024,IIFL FINANCE LIMITED,IIFL,47888370,23284800,11421019.509636
16-DEC-2025,INE298A01020,CUMMINS INDIA LTD,CUMMINSIND,20374200,4483600,2951457.985162
